"성별","행정구역별","연령별","혼인상태별",2020,2020,2020,2020,2020,2020
"성별","행정구역별","연령별","혼인상태별",중학교,고등학교,대학(4년제 미만),대학교(4년제 이상),대학원(석사 과정),대학원(박사 과정)
"여자","서울특별시","　15~19","미혼",27744,126592,12579,30917,-,-
"여자","서울특별시","　15~19","유배우",9,55,3,12,-,-
"여자","서울특별시","　20~24","미혼",622,46477,71361,203500,6719,180
"여자","서울특별시","　20~24","유배우",89,1286,552,632,28,4
"여자","서울특별시","　25~29","미혼",755,34899,73599,222647,27921,3140
"여자","서울특별시","　25~29","유배우",289,5647,9974,21198,3156,347
"여자","서울특별시","　30~34","미혼",472,20074,41391,119151,21690,3858
"여자","서울특별시","　30~34","유배우",641,10796,25855,78611,16295,2722
"여자","서울특별시","　35~39","미혼",698,21053,26424,60716,13752,3158
"여자","서울특별시","　35~39","유배우",650,25801,44463,111400,28834,5446
"여자","서울특별시","　40~44","미혼",666,17506,16194,33830,9377,2442
"여자","서울특별시","　40~44","유배우",1209,46010,49447,108788,30799,6759
"여자","서울특별시","　45~49","미혼",894,17361,9285,21323,6784,2039
"여자","서울특별시","　45~49","유배우",4019,92142,46592,105391,25220,6823
"여자","서울특별시","　50~54","미혼",1025,11275,3489,10807,3572,1266
"여자","서울특별시","　50~54","유배우",12414,124443,31377,93575,17762,5676
"여자","서울특별시","　55~59","미혼",1180,7015,1358,5126,1572,593
"여자","서울특별시","　55~59","유배우",28327,135983,20725,71419,12048,3815
"여자","서울특별시","　60~64","미혼",1316,5871,866,2703,1059,482
"여자","서울특별시","　60~64","유배우",44218,137933,13574,45131,8057,2689
"여자","서울특별시","　65~69","미혼",1084,3187,496,1293,447,201
"여자","서울특별시","　65~69","유배우",38403,78655,7030,26673,3581,1246
"여자","서울특별시","　70~74","미혼",583,1430,125,489,188,70
"여자","서울특별시","　70~74","유배우",26875,40066,3443,15749,1773,408
"여자","서울특별시","　75~79","미혼",387,616,30,268,49,13
"여자","서울특별시","　75~79","유배우",14025,17858,1308,7525,710,227
"여자","서울특별시","　80~84","미혼",128,219,39,120,20,8
"여자","서울특별시","　80~84","유배우",5013,6564,474,2933,248,106
"여자","서울특별시","　85세이상","미혼",106,87,22,41,13,14
"여자","서울특별시","　85세이상","유배우",1146,1672,167,568,72,26
"여자","부산광역시","　15~19","미혼",9711,41636,3388,13756,-,-
"여자","부산광역시","　15~19","유배우",5,27,14,6,-,-
"여자","부산광역시","　20~24","미혼",272,11581,17447,68678,1221,72
"여자","부산광역시","　20~24","유배우",50,680,311,250,21,-
"여자","부산광역시","　25~29","미혼",254,9083,18096,55863,3636,384
"여자","부산광역시","　25~29","유배우",259,2948,4168,7047,347,35
"여자","부산광역시","　30~34","미혼",210,5148,9854,27082,2629,492
"여자","부산광역시","　30~34","유배우",456,5015,9944,23445,2599,376
"여자","부산광역시","　35~39","미혼",356,5770,7497,13382,2048,453
"여자","부산광역시","　35~39","유배우",472,11752,20753,34374,5338,983
"여자","부산광역시","　40~44","미혼",374,5756,4825,8312,1593,520
"여자","부산광역시","　40~44","유배우",439,20126,24344,31976,5913,1348
"여자","부산광역시","　45~49","미혼",355,5974,3079,5035,1342,587
"여자","부산광역시","　45~49","유배우",1054,40163,20678,27791,4569,1276
"여자","부산광역시","　50~54","미혼",429,3756,1372,2597,691,293
"여자","부산광역시","　50~54","유배우",5501,57459,13409,24645,3244,1178
"여자","부산광역시","　55~59","미혼",498,2139,478,1293,252,152
"여자","부산광역시","　55~59","유배우",17223,61815,8611,18196,2508,701
"여자","부산광역시","　60~64","미혼",601,1717,343,585,133,83
"여자","부산광역시","　60~64","유배우",27269,60241,5054,10083,1542,457
"여자","부산광역시","　65~69","미혼",563,1187,129,287,81,60
"여자","부산광역시","　65~69","유배우",21561,30854,2228,4901,716,168
"여자","부산광역시","　70~74","미혼",249,456,53,140,16,11
"여자","부산광역시","　70~74","유배우",11978,12704,1038,2629,262,70
"여자","부산광역시","　75~79","미혼",211,128,22,59,4,2
"여자","부산광역시","　75~79","유배우",5473,5447,328,1204,39,16
"여자","부산광역시","　80~84","미혼",45,81,3,18,2,14
"여자","부산광역시","　80~84","유배우",1945,1780,133,320,26,4
"여자","부산광역시","　85세이상","미혼",37,43,4,9,-,-
"여자","부산광역시","　85세이상","유배우",397,349,21,55,4,-
"여자","대구광역시","　15~19","미혼",7484,35150,4516,9402,-,-
"여자","대구광역시","　15~19","유배우",3,21,-,-,-,-
"여자","대구광역시","　20~24","미혼",158,7920,18718,45800,858,39
"여자","대구광역시","　20~24","유배우",39,445,276,219,-,-
"여자","대구광역시","　25~29","미혼",158,5866,16226,34389,3055,333
"여자","대구광역시","　25~29","유배우",158,2145,3991,4792,441,65
"여자","대구광역시","　30~34","미혼",135,3303,7473,15024,1870,271
"여자","대구광역시","　30~34","유배우",370,3698,9927,15402,1949,217
"여자","대구광역시","　35~39","미혼",155,3735,4812,7295,1265,291
"여자","대구광역시","　35~39","유배우",414,9419,18562,22894,4287,755
"여자","대구광역시","　40~44","미혼",200,3422,3237,4407,865,294
"여자","대구광역시","　40~44","유배우",347,15403,22688,23504,4547,1023
"여자","대구광역시","　45~49","미혼",280,3660,2067,3039,793,303
"여자","대구광역시","　45~49","유배우",1018,31784,19469,22946,3670,1126
"여자","대구광역시","　50~54","미혼",302,2081,833,1644,357,178
"여자","대구광역시","　50~54","유배우",4894,43918,12300,20155,2787,901
"여자","대구광역시","　55~59","미혼",375,1298,278,707,136,100
"여자","대구광역시","　55~59","유배우",13096,42409,7337,13392,1983,560
"여자","대구광역시","　60~64","미혼",292,985,159,345,127,79
"여자","대구광역시","　60~64","유배우",17583,35871,3626,6636,933,336
"여자","대구광역시","　65~69","미혼",202,498,87,139,53,31
"여자","대구광역시","　65~69","유배우",13065,17320,1398,3178,353,118
"여자","대구광역시","　70~74","미혼",143,224,39,69,24,24
"여자","대구광역시","　70~74","유배우",7284,7418,657,1817,189,73
"여자","대구광역시","　75~79","미혼",97,186,25,36,9,3
"여자","대구광역시","　75~79","유배우",3592,3029,365,802,70,24
"여자","대구광역시","　80~84","미혼",36,115,18,15,20,2
"여자","대구광역시","　80~84","유배우",1205,1181,88,207,8,-
"여자","대구광역시","　85세이상","미혼",17,65,14,1,-,-
"여자","대구광역시","　85세이상","유배우",268,231,12,72,-,-
"여자","인천광역시","　15~19","미혼",9874,42664,5584,7566,-,1
"여자","인천광역시","　15~19","유배우",16,31,24,-,-,-
"여자","인천광역시","　20~24","미혼",363,17302,25618,38956,732,14
"여자","인천광역시","　20~24","유배우",69,945,546,223,15,-
"여자","인천광역시","　25~29","미혼",374,13056,23780,40501,2727,250
"여자","인천광역시","　25~29","유배우",249,4836,5365,5750,369,26
"여자","인천광역시","　30~34","미혼",208,7239,11145,19513,2173,306
"여자","인천광역시","　30~34","유배우",419,8695,13067,18038,2071,287
"여자","인천광역시","　35~39","미혼",286,7016,6125,8066,1365,223
"여자","인천광역시","　35~39","유배우",773,20644,22253,26647,3714,497
"여자","인천광역시","　40~44","미혼",174,5387,3165,4494,1008,238
"여자","인천광역시","　40~44","유배우",690,31914,21418,25191,4368,513
"여자","인천광역시","　45~49","미혼",290,4931,1771,2706,855,145
"여자","인천광역시","　45~49","유배우",1546,50003,15692,20464,3424,509
"여자","인천광역시","　50~54","미혼",285,3143,643,1558,393,125
"여자","인천광역시","　50~54","유배우",5083,61397,9763,16818,2095,435
"여자","인천광역시","　55~59","미혼",354,1795,339,767,220,53
"여자","인천광역시","　55~59","유배우",12838,59728,6267,11184,1730,280
"여자","인천광역시","　60~64","미혼",404,1274,157,352,102,47
"여자","인천광역시","　60~64","유배우",17841,45884,3152,5386,872,151
"여자","인천광역시","　65~69","미혼",253,645,120,122,32,4
"여자","인천광역시","　65~69","유배우",12490,19656,1100,2253,352,88
"여자","인천광역시","　70~74","미혼",123,245,27,46,24,-
"여자","인천광역시","　70~74","유배우",7105,8226,447,1079,95,28
"여자","인천광역시","　75~79","미혼",83,85,-,2,16,6
"여자","인천광역시","　75~79","유배우",3307,2730,196,530,64,15
"여자","인천광역시","　80~84","미혼",22,57,7,6,13,1
"여자","인천광역시","　80~84","유배우",1112,1063,77,201,11,-
"여자","인천광역시","　85세이상","미혼",17,5,-,6,-,-
"여자","인천광역시","　85세이상","유배우",287,221,27,46,1,-
"여자","광주광역시","　15~19","미혼",5649,24068,1625,7517,-,-
"여자","광주광역시","　15~19","유배우",6,13,7,6,-,-
"여자","광주광역시","　20~24","미혼",115,6876,8043,35618,720,15
"여자","광주광역시","　20~24","유배우",47,474,153,249,13,-
"여자","광주광역시","　25~29","미혼",137,4818,6577,26109,1892,285
"여자","광주광역시","　25~29","유배우",123,1947,1712,3889,374,20
"여자","광주광역시","　30~34","미혼",95,2400,3447,10797,1253,248
"여자","광주광역시","　30~34","유배우",268,3321,4543,10545,1305,239
"여자","광주광역시","　35~39","미혼",138,2171,2667,4826,699,230
"여자","광주광역시","　35~39","유배우",342,6978,9984,16484,2739,609
"여자","광주광역시","　40~44","미혼",163,2026,1737,2699,378,177
"여자","광주광역시","　40~44","유배우",267,11886,12660,16273,2855,562
"여자","광주광역시","　45~49","미혼",95,1667,779,1656,368,174
"여자","광주광역시","　45~49","유배우",445,20449,10639,15936,2407,644
"여자","광주광역시","　50~54","미혼",134,1022,248,742,277,139
"여자","광주광역시","　50~54","유배우",1989,25057,6727,12729,1958,562
"여자","광주광역시","　55~59","미혼",178,577,147,380,70,44
"여자","광주광역시","　55~59","유배우",5041,23072,4025,7999,1302,422
"여자","광주광역시","　60~64","미혼",93,610,71,172,83,20
"여자","광주광역시","　60~64","유배우",7866,20424,2183,3793,848,220
"여자","광주광역시","　65~69","미혼",103,310,66,90,31,13
"여자","광주광역시","　65~69","유배우",6026,9548,890,1596,253,90
"여자","광주광역시","　70~74","미혼",67,58,29,50,2,5
"여자","광주광역시","　70~74","유배우",4379,4466,470,1012,80,26
"여자","광주광역시","　75~79","미혼",73,45,5,6,1,1
"여자","광주광역시","　75~79","유배우",2542,1741,163,372,29,5
"여자","광주광역시","　80~84","미혼",3,-,3,11,-,3
"여자","광주광역시","　80~84","유배우",775,620,62,109,-,2
"여자","광주광역시","　85세이상","미혼",-,3,-,4,-,-
"여자","광주광역시","　85세이상","유배우",187,153,40,9,-,-
"여자","대전광역시","　15~19","미혼",5783,23303,2968,7374,-,-
"여자","대전광역시","　15~19","유배우",5,5,-,8,-,-
"여자","대전광역시","　20~24","미혼",184,6891,11592,35978,1228,55
"여자","대전광역시","　20~24","유배우",67,620,289,179,11,-
"여자","대전광역시","　25~29","미혼",96,4635,8193,23320,3085,780
"여자","대전광역시","　25~29","유배우",149,1873,2418,4187,558,74
"여자","대전광역시","　30~34","미혼",157,2585,3642,9862,1809,600
"여자","대전광역시","　30~34","유배우",227,3057,4813,10885,2031,518
"여자","대전광역시","　35~39","미혼",96,2746,2532,4747,942,339
"여자","대전광역시","　35~39","유배우",329,6160,9046,15584,3485,1023
"여자","대전광역시","　40~44","미혼",130,2167,1665,2833,675,320
"여자","대전광역시","　40~44","유배우",241,10417,10651,15989,4237,931
"여자","대전광역시","　45~49","미혼",175,1926,838,1655,571,299
"여자","대전광역시","　45~49","유배우",586,19431,9740,14615,3295,1107
"여자","대전광역시","　50~54","미혼",154,1423,269,958,167,181
"여자","대전광역시","　50~54","유배우",2170,23203,5904,13197,2804,721
"여자","대전광역시","　55~59","미혼",146,708,119,407,189,77
"여자","대전광역시","　55~59","유배우",5637,23214,3471,8566,1502,597
"여자","대전광역시","　60~64","미혼",143,590,59,199,83,35
"여자","대전광역시","　60~64","유배우",8309,20472,1813,4199,917,235
"여자","대전광역시","　65~69","미혼",141,324,20,120,33,13
"여자","대전광역시","　65~69","유배우",5924,9554,825,1767,329,162
"여자","대전광역시","　70~74","미혼",76,73,28,8,12,-
"여자","대전광역시","　70~74","유배우",3343,3859,413,920,91,35
"여자","대전광역시","　75~79","미혼",88,23,19,40,10,7
"여자","대전광역시","　75~79","유배우",2007,1609,148,424,29,6
"여자","대전광역시","　80~84","미혼",15,1,4,18,1,5
"여자","대전광역시","　80~84","유배우",617,574,55,125,16,-
"여자","대전광역시","　85세이상","미혼",26,9,2,1,9,-
"여자","대전광역시","　85세이상","유배우",200,126,24,50,-,-
"여자","울산광역시","　15~19","미혼",3924,15975,1497,3273,-,-
"여자","울산광역시","　15~19","유배우",-,6,-,5,-,-
"여자","울산광역시","　20~24","미혼",86,3781,6600,16387,292,12
"여자","울산광역시","　20~24","유배우",22,375,127,98,-,-
"여자","울산광역시","　25~29","미혼",65,2600,6066,14157,825,113
"여자","울산광역시","　25~29","유배우",103,1344,2372,3185,147,27
"여자","울산광역시","　30~34","미혼",31,1367,2843,5994,627,83
"여자","울산광역시","　30~34","유배우",214,2591,5896,9036,787,68
"여자","울산광역시","　35~39","미혼",109,1611,1703,2709,428,68
"여자","울산광역시","　35~39","유배우",289,6407,10813,12237,1753,106
"여자","울산광역시","　40~44","미혼",98,1612,935,1468,279,81
"여자","울산광역시","　40~44","유배우",256,10901,10968,10825,1750,173
"여자","울산광역시","　45~49","미혼",54,1492,600,737,169,46
"여자","울산광역시","　45~49","유배우",464,20792,7750,9246,1340,131
"여자","울산광역시","　50~54","미혼",132,889,123,406,73,32
"여자","울산광역시","　50~54","유배우",1790,28265,5329,7606,944,156
"여자","울산광역시","　55~59","미혼",82,476,34,149,64,19
"여자","울산광역시","　55~59","유배우",5764,25120,2838,4488,641,142
"여자","울산광역시","　60~64","미혼",127,325,35,76,32,12
"여자","울산광역시","　60~64","유배우",9152,17885,1193,2029,282,45
"여자","울산광역시","　65~69","미혼",104,189,17,39,4,-
"여자","울산광역시","　65~69","유배우",6056,7019,486,628,86,11
"여자","울산광역시","　70~74","미혼",24,35,4,12,3,4
"여자","울산광역시","　70~74","유배우",2619,2090,181,245,41,-
"여자","울산광역시","　75~79","미혼",25,15,-,-,-,-
"여자","울산광역시","　75~79","유배우",967,613,23,80,11,-
"여자","울산광역시","　80~84","미혼",8,6,-,-,-,-
"여자","울산광역시","　80~84","유배우",233,110,5,27,-,-
"여자","울산광역시","　85세이상","미혼",4,9,-,1,-,-
"여자","울산광역시","　85세이상","유배우",64,15,2,7,-,-
"여자","세종특별자치시","　15~19","미혼",1512,5830,701,1411,-,-
"여자","세종특별자치시","　20~24","미혼",6,869,2137,6371,124,1
"여자","세종특별자치시","　20~24","유배우",-,76,41,35,-,-
"여자","세종특별자치시","　25~29","미혼",2,397,951,4473,766,85
"여자","세종특별자치시","　25~29","유배우",12,345,669,1690,211,39
"여자","세종특별자치시","　30~34","미혼",6,238,382,2248,617,131
"여자","세종특별자치시","　30~34","유배우",41,738,1387,5209,1238,216
"여자","세종특별자치시","　35~39","미혼",3,280,392,1041,285,114
"여자","세종특별자치시","　35~39","유배우",51,1706,3530,6938,1998,540
"여자","세종특별자치시","　40~44","미혼",22,199,240,655,233,121
"여자","세종특별자치시","　40~44","유배우",44,2424,3550,6598,1979,544
"여자","세종특별자치시","　45~49","미혼",1,313,131,424,150,69
"여자","세종특별자치시","　45~49","유배우",91,3440,2499,4658,1264,304
"여자","세종특별자치시","　50~54","미혼",12,140,67,190,106,60
"여자","세종특별자치시","　50~54","유배우",338,3485,1045,2981,922,329
"여자","세종특별자치시","　55~59","미혼",13,131,17,68,58,9
"여자","세종특별자치시","　55~59","유배우",807,3764,652,1747,533,130
"여자","세종특별자치시","　60~64","미혼",20,77,23,28,26,16
"여자","세종특별자치시","　60~64","유배우",1196,3397,334,935,341,40
"여자","세종특별자치시","　65~69","미혼",8,63,4,15,12,-
"여자","세종특별자치시","　65~69","유배우",873,1574,221,386,49,15
"여자","세종특별자치시","　70~74","미혼",9,8,-,-,-,7
"여자","세종특별자치시","　70~74","유배우",524,658,52,87,32,-
"여자","세종특별자치시","　75~79","미혼",10,1,-,-,-,-
"여자","세종특별자치시","　75~79","유배우",260,130,-,68,-,-
"여자","세종특별자치시","　80~84","미혼",-,-,-,9,-,-
"여자","세종특별자치시","　80~84","유배우",72,77,-,9,-,-
"여자","세종특별자치시","　85세이상","유배우",10,25,-,5,-,-
"여자","경기도","　15~19","미혼",47136,205031,24190,38885,-,1
"여자","경기도","　15~19","유배우",21,178,15,-,-,-
"여자","경기도","　20~24","미혼",880,59280,106490,209183,4402,77
"여자","경기도","　20~24","유배우",286,3611,1768,1170,40,4
"여자","경기도","　25~29","미혼",1035,44511,89215,188467,17597,1659
"여자","경기도","　25~29","유배우",1086,19135,24472,30478,2649,241
"여자","경기도","　30~34","미혼",816,24587,40427,85972,12298,1916
"여자","경기도","　30~34","유배우",1950,33894,60661,107131,15247,1953
"여자","경기도","　35~39","미혼",1002,24248,23775,39146,8157,1585
"여자","경기도","　35~39","유배우",2605,79623,106555,152452,28351,3461
"여자","경기도","　40~44","미혼",938,20071,13493,22364,5790,1356
"여자","경기도","　40~44","유배우",2667,127044,106012,148956,29692,4178
"여자","경기도","　45~49","미혼",872,18207,7988,14493,4541,1162
"여자","경기도","　45~49","유배우",6310,205356,81867,129479,24031,3945
"여자","경기도","　50~54","미혼",939,11837,3256,7759,2361,851
"여자","경기도","　50~54","유배우",19223,243651,51346,104650,16580,3201
"여자","경기도","　55~59","미혼",1150,7154,1320,4020,1147,428
"여자","경기도","　55~59","유배우",47351,227330,30146,69782,10760,2406
"여자","경기도","　60~64","미혼",1376,5866,856,2367,655,231
"여자","경기도","　60~64","유배우",64763,183865,15676,36591,6066,1286
"여자","경기도","　65~69","미혼",893,3102,438,998,292,168
"여자","경기도","　65~69","유배우",47168,86895,6316,19894,2246,657
"여자","경기도","　70~74","미혼",671,1283,171,498,111,24
"여자","경기도","　70~74","유배우",28834,40726,3093,12384,987,238
"여자","경기도","　75~79","미혼",591,473,48,183,43,22
"여자","경기도","　75~79","유배우",15943,17762,1266,6524,383,129
"여자","경기도","　80~84","미혼",137,164,26,101,24,14
"여자","경기도","　80~84","유배우",5666,6016,489,2411,146,44
"여자","경기도","　85세이상","미혼",66,122,9,32,1,9
"여자","경기도","　85세이상","유배우",1368,1456,80,428,24,2
"여자","강원도","　15~19","미혼",5095,21807,1928,5143,3,-
"여자","강원도","　15~19","유배우",-,43,7,-,-,-
"여자","강원도","　20~24","미혼",68,5366,8547,25191,510,52
"여자","강원도","　20~24","유배우",67,688,366,337,16,5
"여자","강원도","　25~29","미혼",142,3021,5414,15446,1285,215
"여자","강원도","　25~29","유배우",207,2129,3068,4179,316,39
"여자","강원도","　30~34","미혼",110,1687,2794,7046,819,151
"여자","강원도","　30~34","유배우",359,3051,5582,9634,1130,99
"여자","강원도","　35~39","미혼",157,2117,1790,3287,751,143
"여자","강원도","　35~39","유배우",397,7290,9366,12493,2016,266
"여자","강원도","　40~44","미혼",141,2148,1171,1870,503,125
"여자","강원도","　40~44","유배우",414,12595,11097,11496,2289,305
"여자","강원도","　45~49","미혼",127,1933,626,1391,417,165
"여자","강원도","　45~49","유배우",1073,22833,8258,10134,1972,380
"여자","강원도","　50~54","미혼",170,1354,301,843,238,119
"여자","강원도","　50~54","유배우",3570,27667,5336,9116,1697,337
"여자","강원도","　55~59","미혼",239,1065,190,362,171,64
"여자","강원도","　55~59","유배우",9009,28624,3166,6433,1331,246
"여자","강원도","　60~64","미혼",263,724,97,177,127,34
"여자","강원도","　60~64","유배우",12126,27897,1761,3469,667,231
"여자","강원도","　65~69","미혼",192,409,63,74,24,16
"여자","강원도","　65~69","유배우",7746,11759,736,1619,286,86
"여자","강원도","　70~74","미혼",88,198,37,43,7,2
"여자","강원도","　70~74","유배우",4287,3963,386,761,154,16
"여자","강원도","　75~79","미혼",30,77,2,13,2,-
"여자","강원도","　75~79","유배우",2540,1875,117,351,54,5
"여자","강원도","　80~84","미혼",7,49,-,11,10,-
"여자","강원도","　80~84","유배우",1020,674,31,154,3,1
"여자","강원도","　85세이상","미혼",23,63,1,3,-,-
"여자","강원도","　85세이상","유배우",231,132,21,25,1,-
"여자","충청북도","　15~19","미혼",5375,23913,2284,6095,-,1
"여자","충청북도","　15~19","유배우",-,26,4,-,-,-
"여자","충청북도","　20~24","미혼",152,7851,10095,27849,507,9
"여자","충청북도","　20~24","유배우",45,755,359,294,9,-
"여자","충청북도","　25~29","미혼",156,5028,7160,17694,1877,169
"여자","충청북도","　25~29","유배우",200,3047,3176,3535,315,34
"여자","충청북도","　30~34","미혼",93,2883,3283,7721,1045,204
"여자","충청북도","　30~34","유배우",442,5309,6211,9904,1260,203
"여자","충청북도","　35~39","미혼",163,3067,2058,3102,526,144
"여자","충청북도","　35~39","유배우",487,10938,10982,12547,2241,387
"여자","충청북도","　40~44","미혼",209,2428,1347,1877,432,159
"여자","충청북도","　40~44","유배우",458,15870,11433,11184,2182,331
"여자","충청북도","　45~49","미혼",174,2249,698,1121,336,137
"여자","충청북도","　45~49","유배우",1135,25726,8133,9798,2224,410
"여자","충청북도","　50~54","미혼",207,1634,270,633,148,85
"여자","충청북도","　50~54","유배우",3583,31114,5105,9020,1789,311
"여자","충청북도","　55~59","미혼",211,971,91,352,135,31
"여자","충청북도","　55~59","유배우",9333,28621,3082,5654,1170,244
"여자","충청북도","　60~64","미혼",186,846,78,187,111,18
"여자","충청북도","　60~64","유배우",11940,24982,1542,2823,683,144
"여자","충청북도","　65~69","미혼",145,340,37,110,39,3
"여자","충청북도","　65~69","유배우",8031,10068,773,1309,286,37
"여자","충청북도","　70~74","미혼",118,153,22,25,21,1
"여자","충청북도","　70~74","유배우",3933,3362,346,628,116,11
"여자","충청북도","　75~79","미혼",68,49,9,4,10,-
"여자","충청북도","　75~79","유배우",2207,1385,121,266,16,-
"여자","충청북도","　80~84","미혼",25,7,6,4,-,-
"여자","충청북도","　80~84","유배우",686,575,28,110,4,-
"여자","충청북도","　85세이상","미혼",18,2,-,4,-,-
"여자","충청북도","　85세이상","유배우",132,106,-,15,-,7
"여자","충청남도","　15~19","미혼",7585,32108,2831,7851,-,-
"여자","충청남도","　15~19","유배우",6,37,-,1,-,-
"여자","충청남도","　20~24","미혼",199,9887,11137,35507,499,6
"여자","충청남도","　20~24","유배우",87,1032,319,306,5,2
"여자","충청남도","　25~29","미혼",127,7567,7333,20761,1631,195
"여자","충청남도","　25~29","유배우",335,4780,3890,4674,301,18
"여자","충청남도","　30~34","미혼",219,4342,3770,8343,988,184
"여자","충청남도","　30~34","유배우",699,9207,9125,13545,1332,164
"여자","충청남도","　35~39","미혼",235,3873,2452,3745,549,121
"여자","충청남도","　35~39","유배우",639,16355,15217,17576,2723,335
"여자","충청남도","　40~44","미혼",201,3386,1596,1988,497,77
"여자","충청남도","　40~44","유배우",622,23533,14672,15488,2597,352
"여자","충청남도","　45~49","미혼",242,2895,632,1313,375,123
"여자","충청남도","　45~49","유배우",1382,34312,10175,12925,2221,414
"여자","충청남도","　50~54","미혼",204,1754,268,874,232,69
"여자","충청남도","　50~54","유배우",3795,37989,6752,9907,2176,407
"여자","충청남도","　55~59","미혼",285,1230,104,419,159,57
"여자","충청남도","　55~59","유배우",11148,35472,3799,6628,1619,381
"여자","충청남도","　60~64","미혼",266,982,120,220,64,48
"여자","충청남도","　60~64","유배우",14852,31069,1731,3035,688,184
"여자","충청남도","　65~69","미혼",272,522,27,102,34,9
"여자","충청남도","　65~69","유배우",9434,13545,837,1417,208,89
"여자","충청남도","　70~74","미혼",126,207,10,67,14,11
"여자","충청남도","　70~74","유배우",5699,4247,251,819,131,14
"여자","충청남도","　75~79","미혼",100,79,7,21,4,5
"여자","충청남도","　75~79","유배우",2581,1635,134,286,25,-
"여자","충청남도","　80~84","미혼",11,29,4,8,-,-
"여자","충청남도","　80~84","유배우",844,521,29,127,30,-
"여자","충청남도","　85세이상","미혼",4,7,6,1,-,-
"여자","충청남도","　85세이상","유배우",272,114,13,6,-,-
"여자","전라북도","　15~19","미혼",6348,27614,2406,7500,-,-
"여자","전라북도","　15~19","유배우",7,26,-,-,-,-
"여자","전라북도","　20~24","미혼",113,6911,9630,33218,615,7
"여자","전라북도","　20~24","유배우",126,765,197,453,19,1
"여자","전라북도","　25~29","미혼",110,4370,5845,21425,1851,162
"여자","전라북도","　25~29","유배우",334,2919,2370,3894,343,38
"여자","전라북도","　30~34","미혼",117,2558,2661,9308,1288,253
"여자","전라북도","　30~34","유배우",515,4344,4696,10139,1495,170
"여자","전라북도","　35~39","미혼",191,2371,1995,4224,624,169
"여자","전라북도","　35~39","유배우",518,9636,9118,14859,2587,445
"여자","전라북도","　40~44","미혼",222,2128,1342,2500,431,264
"여자","전라북도","　40~44","유배우",575,14934,11127,15237,2820,400
"여자","전라북도","　45~49","미혼",211,2113,757,1796,321,157
"여자","전라북도","　45~49","유배우",1043,24976,10444,14175,2355,571
"여자","전라북도","　50~54","미혼",224,1412,366,870,166,159
"여자","전라북도","　50~54","유배우",3498,29631,6863,13010,1855,631
"여자","전라북도","　55~59","미혼",226,988,134,457,133,114
"여자","전라북도","　55~59","유배우",8990,30144,3821,8660,1525,451
"여자","전라북도","　60~64","미혼",222,805,85,205,150,43
"여자","전라북도","　60~64","유배우",12874,28107,2293,4298,838,257
"여자","전라북도","　65~69","미혼",145,415,27,138,23,13
"여자","전라북도","　65~69","유배우",8994,13942,1018,1635,345,113
"여자","전라북도","　70~74","미혼",92,153,37,91,32,13
"여자","전라북도","　70~74","유배우",5795,5614,375,918,121,51
"여자","전라북도","　75~79","미혼",95,34,23,73,1,-
"여자","전라북도","　75~79","유배우",3074,2173,202,310,31,10
"여자","전라북도","　80~84","미혼",38,40,25,29,1,1
"여자","전라북도","　80~84","유배우",964,772,54,84,1,-
"여자","전라북도","　85세이상","미혼",14,10,19,12,-,-
"여자","전라북도","　85세이상","유배우",259,173,14,30,1,-
"여자","전라남도","　15~19","미혼",5638,25792,1760,4765,-,-
"여자","전라남도","　15~19","유배우",9,18,-,-,-,-
"여자","전라남도","　20~24","미혼",107,6286,8417,21985,228,2
"여자","전라남도","　20~24","유배우",42,698,367,172,5,1
"여자","전라남도","　25~29","미혼",140,3869,6686,16294,975,101
"여자","전라남도","　25~29","유배우",403,2755,2840,3654,196,36
"여자","전라남도","　30~34","미혼",128,2113,2753,6892,554,54
"여자","전라남도","　30~34","유배우",711,4785,5846,9904,940,117
"여자","전라남도","　35~39","미혼",204,2354,1688,3401,443,81
"여자","전라남도","　35~39","유배우",704,9770,11127,13206,1607,220
"여자","전라남도","　40~44","미혼",213,2042,1205,1520,309,70
"여자","전라남도","　40~44","유배우",498,15647,13033,11837,1709,243
"여자","전라남도","　45~49","미혼",193,1723,660,1307,254,53
"여자","전라남도","　45~49","유배우",1465,25478,10623,10190,1590,302
"여자","전라남도","　50~54","미혼",276,1334,270,704,155,42
"여자","전라남도","　50~54","유배우",4646,32430,7302,8565,1295,308
"여자","전라남도","　55~59","미혼",240,810,121,301,106,17
"여자","전라남도","　55~59","유배우",11773,30564,4370,5817,1181,215
"여자","전라남도","　60~64","미혼",171,612,88,161,68,6
"여자","전라남도","　60~64","유배우",15546,29405,2170,2621,466,92
"여자","전라남도","　65~69","미혼",92,347,51,82,21,4
"여자","전라남도","　65~69","유배우",8756,12560,771,1058,212,39
"여자","전라남도","　70~74","미혼",75,85,13,34,7,3
"여자","전라남도","　70~74","유배우",4833,3506,329,405,42,7
"여자","전라남도","　75~79","미혼",70,20,-,15,-,-
"여자","전라남도","　75~79","유배우",2315,1048,61,132,14,8
"여자","전라남도","　80~84","미혼",11,22,1,4,-,-
"여자","전라남도","　80~84","유배우",738,427,13,44,-,4
"여자","전라남도","　85세이상","미혼",6,3,-,12,-,-
"여자","전라남도","　85세이상","유배우",144,64,2,6,-,-
"여자","경상북도","　15~19","미혼",7743,34121,3347,9575,-,-
"여자","경상북도","　15~19","유배우",3,27,-,6,-,-
"여자","경상북도","　20~24","미혼",148,8039,13051,39101,698,33
"여자","경상북도","　20~24","유배우",103,1022,404,279,11,2
"여자","경상북도","　25~29","미혼",143,6183,11261,23342,1941,341
"여자","경상북도","　25~29","유배우",358,4183,4607,4254,269,18
"여자","경상북도","　30~34","미혼",225,3944,5277,9720,1186,230
"여자","경상북도","　30~34","유배우",828,7153,10854,13988,1582,181
"여자","경상북도","　35~39","미혼",295,4231,3946,4858,635,186
"여자","경상북도","　35~39","유배우",903,14424,19670,19118,2670,299
"여자","경상북도","　40~44","미혼",293,3515,2636,2897,476,133
"여자","경상북도","　40~44","유배우",618,22010,21872,17160,2587,439
"여자","경상북도","　45~49","미혼",312,3612,1400,1909,466,159
"여자","경상북도","　45~49","유배우",1531,39436,17445,15670,2245,407
"여자","경상북도","　50~54","미혼",322,2439,594,1071,180,159
"여자","경상북도","　50~54","유배우",5619,51167,11582,13624,2030,430
"여자","경상북도","　55~59","미혼",392,1533,281,650,177,89
"여자","경상북도","　55~59","유배우",16561,50679,6950,9685,1475,217
"여자","경상북도","　60~64","미혼",422,1218,150,314,118,59
"여자","경상북도","　60~64","유배우",23779,44656,3433,4370,764,164
"여자","경상북도","　65~69","미혼",314,654,47,138,48,26
"여자","경상북도","　65~69","유배우",16500,19131,1291,1898,283,47
"여자","경상북도","　70~74","미혼",181,155,50,36,7,-
"여자","경상북도","　70~74","유배우",8028,5357,466,788,58,12
"여자","경상북도","　75~79","미혼",75,107,16,25,8,-
"여자","경상북도","　75~79","유배우",3390,1863,142,309,17,10
"여자","경상북도","　80~84","미혼",17,71,6,12,-,-
"여자","경상북도","　80~84","유배우",1222,712,47,66,7,-
"여자","경상북도","　85세이상","미혼",3,26,1,2,2,1
"여자","경상북도","　85세이상","유배우",253,142,14,21,4,-
"여자","경상남도","　15~19","미혼",11344,46627,3574,10448,-,-
"여자","경상남도","　15~19","유배우",2,30,5,9,-,-
"여자","경상남도","　20~24","미혼",244,9955,16449,47723,630,6
"여자","경상남도","　20~24","유배우",46,993,463,308,1,-
"여자","경상남도","　25~29","미혼",194,6233,14868,37181,2401,237
"여자","경상남도","　25~29","유배우",339,3700,5945,6726,429,43
"여자","경상남도","　30~34","미혼",225,3968,6913,16178,1538,231
"여자","경상남도","　30~34","유배우",909,7566,14264,22255,2155,258
"여자","경상남도","　35~39","미혼",297,4677,4641,7514,1058,159
"여자","경상남도","　35~39","유배우",1007,17776,27721,33283,4546,543
"여자","경상남도","　40~44","미혼",306,4487,2903,4097,824,198
"여자","경상남도","　40~44","유배우",745,32104,29146,29375,4331,729
"여자","경상남도","　45~49","미혼",269,4219,1731,2443,535,214
"여자","경상남도","　45~49","유배우",1613,56807,21667,24792,3363,767
"여자","경상남도","　50~54","미혼",347,2977,722,1412,397,90
"여자","경상남도","　50~54","유배우",6309,69780,14361,19110,3050,728
"여자","경상남도","　55~59","미혼",393,1920,369,821,153,73
"여자","경상남도","　55~59","유배우",17763,64911,7720,11866,2089,469
"여자","경상남도","　60~64","미혼",379,1469,171,396,153,50
"여자","경상남도","　60~64","유배우",26512,52454,3970,5407,958,215
"여자","경상남도","　65~69","미혼",321,840,105,195,52,15
"여자","경상남도","　65~69","유배우",18281,22607,1454,2215,307,98
"여자","경상남도","　70~74","미혼",235,202,33,80,17,5
"여자","경상남도","　70~74","유배우",9415,7070,549,1159,63,29
"여자","경상남도","　75~79","미혼",140,56,9,32,7,-
"여자","경상남도","　75~79","유배우",4436,2493,190,344,19,1
"여자","경상남도","　80~84","미혼",34,29,-,15,-,-
"여자","경상남도","　80~84","유배우",1080,884,69,145,21,-
"여자","경상남도","　85세이상","미혼",18,15,-,6,-,-
"여자","경상남도","　85세이상","유배우",234,202,1,18,1,-
"여자","제주특별자치도","　15~19","미혼",2366,10491,994,1590,-,-
"여자","제주특별자치도","　15~19","유배우",-,11,6,-,-,-
"여자","제주특별자치도","　20~24","미혼",25,2178,4412,9575,127,1
"여자","제주특별자치도","　20~24","유배우",16,290,183,103,-,-
"여자","제주특별자치도","　25~29","미혼",75,1416,3787,7972,526,51
"여자","제주특별자치도","　25~29","유배우",115,919,1651,1640,104,1
"여자","제주특별자치도","　30~34","미혼",30,779,2048,3353,459,40
"여자","제주특별자치도","　30~34","유배우",139,1368,3422,3880,545,27
"여자","제주특별자치도","　35~39","미혼",44,1103,1424,2134,325,82
"여자","제주특별자치도","　35~39","유배우",210,2325,5983,6593,1017,246
"여자","제주특별자치도","　40~44","미혼",96,1074,1056,1305,395,50
"여자","제주특별자치도","　40~44","유배우",158,4211,6298,6378,1128,176
"여자","제주특별자치도","　45~49","미혼",52,1186,604,877,158,56
"여자","제주특별자치도","　45~49","유배우",306,8016,5499,5839,974,284
"여자","제주특별자치도","　50~54","미혼",112,1071,219,604,182,74
"여자","제주특별자치도","　50~54","유배우",684,9896,3278,4724,630,201
"여자","제주특별자치도","　55~59","미혼",101,509,140,276,64,39
"여자","제주특별자치도","　55~59","유배우",2107,10036,1723,3119,737,66
"여자","제주특별자치도","　60~64","미혼",123,315,50,75,59,-
"여자","제주특별자치도","　60~64","유배우",3639,8736,975,1446,404,54
"여자","제주특별자치도","　65~69","미혼",40,248,24,48,12,12
"여자","제주특별자치도","　65~69","유배우",2380,4076,389,790,121,3
"여자","제주특별자치도","　70~74","미혼",20,71,-,37,-,1
"여자","제주특별자치도","　70~74","유배우",1643,1599,169,414,37,19
"여자","제주특별자치도","　75~79","미혼",50,8,-,-,3,-
"여자","제주특별자치도","　75~79","유배우",833,635,35,144,-,-
"여자","제주특별자치도","　80~84","미혼",2,1,6,6,-,-
"여자","제주특별자치도","　80~84","유배우",242,168,25,80,1,-
"여자","제주특별자치도","　85세이상","유배우",126,39,19,14,-,-
"남자","서울특별시","　15~19","미혼",30852,133189,10349,28717,-,-
"남자","서울특별시","　15~19","유배우",-,10,-,-,-,-
"남자","서울특별시","　20~24","미혼",1116,57937,55696,175624,2434,234
"남자","서울특별시","　20~24","유배우",56,588,221,233,12,3
"남자","서울특별시","　25~29","미혼",1287,60268,68065,215188,21977,5134
"남자","서울특별시","　25~29","유배우",116,3600,3791,8833,1270,257
"남자","서울특별시","　30~34","미혼",953,34015,44357,147758,18492,5446
"남자","서울특별시","　30~34","유배우",246,7602,13741,58201,10515,2887
"남자","서울특별시","　35~39","미혼",1679,36542,32195,76510,9856,2710
"남자","서울특별시","　35~39","유배우",504,19460,30009,110570,24985,6838
"남자","서울특별시","　40~44","미혼",2027,34381,20517,43437,5841,1557
"남자","서울특별시","　40~44","유배우",976,30130,33279,112928,31488,9504
"남자","서울특별시","　45~49","미혼",3361,37749,13583,27826,4114,1170
"남자","서울특별시","　45~49","유배우",2431,58829,34964,113487,37696,13482
"남자","서울특별시","　50~54","미혼",4423,28684,5085,13530,2035,854
"남자","서울특별시","　50~54","유배우",6355,80185,27969,109963,31354,13706
"남자","서울특별시","　55~59","미혼",4433,16532,1910,5829,716,320
"남자","서울특별시","　55~59","유배우",15565,96781,21816,95444,24213,13370
"남자","서울특별시","　60~64","미혼",3270,8909,515,2055,430,138
"남자","서울특별시","　60~64","유배우",30400,111033,17155,70974,19442,10752
"남자","서울특별시","　65~69","미혼",1448,2928,194,765,127,61
"남자","서울특별시","　65~69","유배우",30121,78177,8523,45456,12242,6254
"남자","서울특별시","　70~74","미혼",384,808,36,395,76,76
"남자","서울특별시","　70~74","유배우",26319,54905,4219,32999,6924,3219
"남자","서울특별시","　75~79","미혼",166,331,36,133,41,5
"남자","서울특별시","　75~79","유배우",20170,33441,2423,22841,4363,1840
"남자","서울특별시","　80~84","미혼",42,117,8,51,4,-
"남자","서울특별시","　80~84","유배우",9177,16338,1257,13477,2311,1224
"남자","서울특별시","　85세이상","미혼",17,18,-,20,-,-
"남자","서울특별시","　85세이상","유배우",3528,5406,659,6294,847,513
"남자","부산광역시","　15~19","미혼",10625,46804,3104,13740,-,2
"남자","부산광역시","　15~19","유배우",-,-,5,1,-,-
"남자","부산광역시","　20~24","미혼",389,19121,18690,68713,335,31
"남자","부산광역시","　20~24","유배우",24,202,125,125,4,3
"남자","부산광역시","　25~29","미혼",445,18518,21019,63957,3054,596
"남자","부산광역시","　25~29","유배우",82,1859,1552,2707,216,45
"남자","부산광역시","　30~34","미혼",363,11223,12596,38328,2724,642
"남자","부산광역시","　30~34","유배우",112,3607,5384,16559,1689,328
"남자","부산광역시","　35~39","미혼",703,11958,10348,20833,1511,377
"남자","부산광역시","　35~39","유배우",236,9209,14868,33280,4366,1185
"남자","부산광역시","　40~44","미혼",922,14004,8279,13094,944,227
"남자","부산광역시","　40~44","유배우",567,14824,17665,34313,5572,1888
"남자","부산광역시","　45~49","미혼",1569,15344,5388,7889,736,214
"남자","부산광역시","　45~49","유배우",876,27643,16615,32029,6294,2546
"남자","부산광역시","　50~54","미혼",1933,11552,2084,4325,300,95
"남자","부산광역시","　50~54","유배우",2604,37509,13838,33084,5229,2518
"남자","부산광역시","　55~59","미혼",1978,6361,740,1652,118,23
"남자","부산광역시","　55~59","유배우",8555,45798,10982,30285,4817,2740
"남자","부산광역시","　60~64","미혼",1650,3803,278,565,90,56
"남자","부산광역시","　60~64","유배우",17151,53753,9267,20916,4133,2300
"남자","부산광역시","　65~69","미혼",534,1351,42,166,48,15
"남자","부산광역시","　65~69","유배우",19291,37877,3835,11728,2344,1235
"남자","부산광역시","　70~74","미혼",256,312,14,98,45,4
"남자","부산광역시","　70~74","유배우",15434,23168,1704,8159,1407,671
"남자","부산광역시","　75~79","미혼",121,121,2,58,1,-
"남자","부산광역시","　75~79","유배우",10534,13425,902,5692,757,407
"남자","부산광역시","　80~84","미혼",12,40,5,25,3,-
"남자","부산광역시","　80~84","유배우",4039,7097,409,3544,398,191
"남자","부산광역시","　85세이상","미혼",2,10,5,12,5,-
"남자","부산광역시","　85세이상","유배우",1479,2161,244,1438,131,67
"남자","대구광역시","　15~19","미혼",9246,39454,3852,10049,-,-
"남자","대구광역시","　15~19","유배우",2,-,-,-,-,-
"남자","대구광역시","　20~24","미혼",293,13915,20904,48589,365,72
"남자","대구광역시","　20~24","유배우",8,178,122,95,1,1
"남자","대구광역시","　25~29","미혼",321,13210,20570,42902,2061,452
"남자","대구광역시","　25~29","유배우",50,1154,1609,2046,146,42
"남자","대구광역시","　30~34","미혼",231,7384,12227,25610,1902,598
"남자","대구광역시","　30~34","유배우",70,2553,5961,11910,1289,288
"남자","대구광역시","　35~39","미혼",452,7359,8874,12810,803,379
"남자","대구광역시","　35~39","유배우",216,5957,13826,22324,3333,794
"남자","대구광역시","　40~44","미혼",577,7744,6954,7651,493,163
"남자","대구광역시","　40~44","유배우",271,10193,17347,24678,4351,1378
"남자","대구광역시","　45~49","미혼",1043,9928,4358,5323,382,86
"남자","대구광역시","　45~49","유배우",696,20874,17889,24072,5103,1850
"남자","대구광역시","　50~54","미혼",1191,6924,1697,2463,188,67
"남자","대구광역시","　50~54","유배우",2006,30683,13454,27092,4301,1734
"남자","대구광역시","　55~59","미혼",1427,3791,539,1157,138,39
"남자","대구광역시","　55~59","유배우",6412,33796,9255,23977,3998,1914
"남자","대구광역시","　60~64","미혼",794,1910,186,318,59,32
"남자","대구광역시","　60~64","유배우",12155,34215,6437,14135,3049,1641
"남자","대구광역시","　65~69","미혼",295,559,52,99,28,15
"남자","대구광역시","　65~69","유배우",11847,21896,2381,6944,1719,973
"남자","대구광역시","　70~74","미혼",85,136,7,43,18,6
"남자","대구광역시","　70~74","유배우",8627,12924,1188,4924,987,455
"남자","대구광역시","　75~79","미혼",45,62,12,35,6,1
"남자","대구광역시","　75~79","유배우",6088,7051,576,3772,496,317
"남자","대구광역시","　80~84","미혼",6,21,8,13,2,-
"남자","대구광역시","　80~84","유배우",2608,4056,257,2474,193,198
"남자","대구광역시","　85세이상","미혼",8,14,-,5,1,-
"남자","대구광역시","　85세이상","유배우",904,1233,171,1090,80,93
"남자","인천광역시","　15~19","미혼",10381,46011,4816,8411,6,3
"남자","인천광역시","　15~19","유배우",-,12,-,-,-,-
"남자","인천광역시","　20~24","미혼",569,22402,23193,43684,352,136
"남자","인천광역시","　20~24","유배우",17,352,147,166,35,25
"남자","인천광역시","　25~29","미혼",609,22874,26249,46259,2814,376
"남자","인천광역시","　25~29","유배우",121,2851,2488,2764,225,64
"남자","인천광역시","　30~34","미혼",343,13553,15546,29590,2129,515
"남자","인천광역시","　30~34","유배우",226,5712,8616,13844,1344,317
"남자","인천광역시","　35~39","미혼",629,13926,10578,14900,1260,267
"남자","인천광역시","　35~39","유배우",463,14151,18089,27070,3979,703
"남자","인천광역시","　40~44","미혼",803,14190,6537,8757,719,88
"남자","인천광역시","　40~44","유배우",491,22100,18740,28975,4792,1252
"남자","인천광역시","　45~49","미혼",1127,15015,3706,5471,493,102
"남자","인천광역시","　45~49","유배우",1184,35545,15973,26275,5426,1568
"남자","인천광역시","　50~54","미혼",1451,10298,1689,2820,305,73
"남자","인천광역시","　50~54","유배우",2648,45064,12843,24376,4186,1284
"남자","인천광역시","　55~59","미혼",1531,5899,571,1178,141,17
"남자","인천광역시","　55~59","유배우",6683,51268,10584,22381,3601,1088
"남자","인천광역시","　60~64","미혼",1093,2718,185,395,70,15
"남자","인천광역시","　60~64","유배우",13135,46973,7429,13661,2746,800
"남자","인천광역시","　65~69","미혼",365,843,32,130,27,1
"남자","인천광역시","　65~69","유배우",11176,25719,2555,6907,1355,363
"남자","인천광역시","　70~74","미혼",158,170,6,35,1,-
"남자","인천광역시","　70~74","유배우",8961,15491,1068,4200,681,240
"남자","인천광역시","　75~79","미혼",27,79,-,36,5,-
"남자","인천광역시","　75~79","유배우",6030,7590,481,2761,358,139
"남자","인천광역시","　80~84","미혼",27,35,-,5,-,1
"남자","인천광역시","　80~84","유배우",2774,3539,209,1684,216,56
"남자","인천광역시","　85세이상","미혼",1,16,-,-,-,-
"남자","인천광역시","　85세이상","유배우",1210,1289,148,661,73,54
"남자","광주광역시","　15~19","미혼",6442,26235,2041,7271,-,-
"남자","광주광역시","　15~19","유배우",-,7,-,-,-,-
"남자","광주광역시","　20~24","미혼",312,9524,10126,35184,330,37
"남자","광주광역시","　20~24","유배우",4,214,82,74,-,1
"남자","광주광역시","　25~29","미혼",216,8991,9110,29025,1511,468
"남자","광주광역시","　25~29","유배우",26,956,969,1493,148,45
"남자","광주광역시","　30~34","미혼",160,5017,5189,15855,1275,413
"남자","광주광역시","　30~34","유배우",98,2017,2820,7468,738,340
"남자","광주광역시","　35~39","미혼",298,5267,4452,9271,575,246
"남자","광주광역시","　35~39","유배우",123,4411,7690,15628,2070,819
"남자","광주광역시","　40~44","미혼",338,4815,3426,6369,412,88
"남자","광주광역시","　40~44","유배우",166,7307,9337,17666,2438,1052
"남자","광주광역시","　45~49","미혼",460,5011,2138,4092,266,104
"남자","광주광역시","　45~49","유배우",350,13210,9551,18418,3045,1368
"남자","광주광역시","　50~54","미혼",544,3599,850,1770,89,74
"남자","광주광역시","　50~54","유배우",1071,18011,7254,18955,2595,1267
"남자","광주광역시","　55~59","미혼",470,1876,266,652,119,46
"남자","광주광역시","　55~59","유배우",2670,18000,4720,15568,2530,1224
"남자","광주광역시","　60~64","미혼",428,1042,105,217,18,-
"남자","광주광역시","　60~64","유배우",4492,17312,3156,10334,2110,1362
"남자","광주광역시","　65~69","미혼",82,356,21,57,16,7
"남자","광주광역시","　65~69","유배우",4465,10935,1296,4728,1281,649
"남자","광주광역시","　70~74","미혼",49,44,-,26,7,-
"남자","광주광역시","　70~74","유배우",4520,7254,837,3281,777,271
"남자","광주광역시","　75~79","미혼",34,37,3,24,-,-
"남자","광주광역시","　75~79","유배우",3242,4242,450,2334,480,148
"남자","광주광역시","　80~84","미혼",4,25,-,10,-,-
"남자","광주광역시","　80~84","유배우",1182,2009,297,1562,214,110
"남자","광주광역시","　85세이상","미혼",-,1,-,-,-,-
"남자","광주광역시","　85세이상","유배우",469,691,114,633,46,18
"남자","대전광역시","　15~19","미혼",6298,26758,2881,7258,-,-
"남자","대전광역시","　15~19","유배우",6,-,-,-,-,-
"남자","대전광역시","　20~24","미혼",177,10226,11404,38434,963,191
"남자","대전광역시","　20~24","유배우",8,181,49,70,8,-
"남자","대전광역시","　25~29","미혼",205,8588,10168,29765,3969,2027
"남자","대전광역시","　25~29","유배우",80,1130,1180,1925,319,143
"남자","대전광역시","　30~34","미혼",241,5015,5570,16969,2647,1531
"남자","대전광역시","　30~34","유배우",51,1919,2927,7834,1841,817
"남자","대전광역시","　35~39","미혼",267,4397,3567,8744,1147,520
"남자","대전광역시","　35~39","유배우",175,4069,6341,15512,3618,1858
"남자","대전광역시","　40~44","미혼",375,4883,2782,5075,696,227
"남자","대전광역시","　40~44","유배우",178,6562,6981,16135,4462,2611
"남자","대전광역시","　45~49","미혼",693,5145,1595,3198,468,172
"남자","대전광역시","　45~49","유배우",551,12726,6883,16542,5029,3544
"남자","대전광역시","　50~54","미혼",473,3647,639,1748,178,83
"남자","대전광역시","　50~54","유배우",959,15838,5602,17546,4708,3269
"남자","대전광역시","　55~59","미혼",576,2003,275,673,39,48
"남자","대전광역시","　55~59","유배우",3063,17328,4240,13943,3800,2857
"남자","대전광역시","　60~64","미혼",419,1207,67,201,43,15
"남자","대전광역시","　60~64","유배우",5581,18168,3259,8441,2737,2425
"남자","대전광역시","　65~69","미혼",119,346,36,86,23,2
"남자","대전광역시","　65~69","유배우",5449,10955,1514,4463,1675,1073
"남자","대전광역시","　70~74","미혼",88,99,1,33,1,5
"남자","대전광역시","　70~74","유배우",3862,7012,713,3084,802,461
"남자","대전광역시","　75~79","미혼",43,29,1,21,22,-
"남자","대전광역시","　75~79","유배우",2959,3795,384,2057,402,270
"남자","대전광역시","　80~84","미혼",10,13,-,9,-,-
"남자","대전광역시","　80~84","유배우",1172,1670,187,1355,209,149
"남자","대전광역시","　85세이상","미혼",1,1,-,7,-,-
"남자","대전광역시","　85세이상","유배우",494,725,90,628,52,52
"남자","울산광역시","　15~19","미혼",4350,19058,1624,3978,-,-
"남자","울산광역시","　15~19","유배우",-,-,5,3,-,-
"남자","울산광역시","　20~24","미혼",136,7770,10835,18846,106,25
"남자","울산광역시","　20~24","유배우",5,102,32,12,4,-
"남자","울산광역시","　25~29","미혼",263,7027,10719,17914,814,473
"남자","울산광역시","　25~29","유배우",23,966,1178,984,39,25
"남자","울산광역시","　30~34","미혼",185,4170,5849,11286,499,230
"남자","울산광역시","　30~34","유배우",20,1905,4152,7032,444,109
"남자","울산광역시","　35~39","미혼",240,3884,4095,5587,379,93
"남자","울산광역시","　35~39","유배우",136,4566,8686,13016,1248,292
"남자","울산광역시","　40~44","미혼",289,4560,2398,3010,197,41
"남자","울산광역시","　40~44","유배우",171,8500,9837,12287,1534,430
"남자","울산광역시","　45~49","미혼",431,4616,1296,1365,127,32
"남자","울산광역시","　45~49","유배우",457,15236,7800,10087,1755,531
"남자","울산광역시","　50~54","미혼",319,3018,442,786,59,4
"남자","울산광역시","　50~54","유배우",784,22026,5984,11200,1663,438
"남자","울산광역시","　55~59","미혼",378,1278,86,250,20,11
"남자","울산광역시","　55~59","유배우",2424,25170,5453,9675,1307,393
"남자","울산광역시","　60~64","미혼",333,819,47,91,19,5
"남자","울산광역시","　60~64","유배우",5402,20926,3009,5386,993,337
"남자","울산광역시","　65~69","미혼",143,230,1,32,14,7
"남자","울산광역시","　65~69","유배우",5665,11527,921,2269,445,159
"남자","울산광역시","　70~74","미혼",25,57,10,-,7,-
"남자","울산광역시","　70~74","유배우",4246,5593,389,1229,256,67
"남자","울산광역시","　75~79","미혼",13,18,-,10,-,-
"남자","울산광역시","　75~79","유배우",2324,2524,143,550,69,12
"남자","울산광역시","　80~84","미혼",5,1,-,-,-,-
"남자","울산광역시","　80~84","유배우",889,1100,48,228,20,9
"남자","울산광역시","　85세이상","미혼",1,-,-,8,-,-
"남자","울산광역시","　85세이상","유배우",226,351,17,120,6,2
"남자","세종특별자치시","　15~19","미혼",1323,6048,709,1312,-,-
"남자","세종특별자치시","　20~24","미혼",35,1341,2069,7283,62,2
"남자","세종특별자치시","　20~24","유배우",-,27,5,12,1,1
"남자","세종특별자치시","　25~29","미혼",10,1160,1279,5897,503,80
"남자","세종특별자치시","　25~29","유배우",54,208,203,636,103,17
"남자","세종특별자치시","　30~34","미혼",16,665,904,3432,591,158
"남자","세종특별자치시","　30~34","유배우",22,475,856,3831,798,315
"남자","세종특별자치시","　35~39","미혼",36,623,534,1625,317,134
"남자","세종특별자치시","　35~39","유배우",32,1011,2200,6935,1900,917
"남자","세종특별자치시","　40~44","미혼",26,708,429,892,188,30
"남자","세종특별자치시","　40~44","유배우",10,1639,2055,7037,2436,1184
"남자","세종특별자치시","　45~49","미혼",57,743,207,507,85,80
"남자","세종특별자치시","　45~49","유배우",90,2464,1857,5885,2335,1177
"남자","세종특별자치시","　50~54","미혼",52,408,97,186,51,24
"남자","세종특별자치시","　50~54","유배우",185,2699,1136,3893,1719,843
"남자","세종특별자치시","　55~59","미혼",87,261,34,121,25,10
"남자","세종특별자치시","　55~59","유배우",462,2647,694,2857,1249,721
"남자","세종특별자치시","　60~64","미혼",57,169,-,35,4,4
"남자","세종특별자치시","　60~64","유배우",738,3018,498,1627,931,508
"남자","세종특별자치시","　65~69","미혼",39,56,10,6,-,2
"남자","세종특별자치시","　65~69","유배우",760,1862,323,799,426,187
"남자","세종특별자치시","　70~74","미혼",10,11,-,-,-,-
"남자","세종특별자치시","　70~74","유배우",586,1108,122,487,140,47
"남자","세종특별자치시","　75~79","미혼",8,1,4,-,-,-
"남자","세종특별자치시","　75~79","유배우",352,475,44,249,63,14
"남자","세종특별자치시","　80~84","유배우",154,250,-,173,11,18
"남자","세종특별자치시","　85세이상","유배우",51,81,20,65,11,3
"남자","경기도","　15~19","미혼",49681,220323,21445,41366,7,4
"남자","경기도","　15~19","유배우",-,27,-,2,-,-
"남자","경기도","　20~24","미혼",1760,90310,99262,224255,1866,248
"남자","경기도","　20~24","유배우",115,1337,487,528,78,78
"남자","경기도","　25~29","미혼",1805,88455,105329,226704,16952,2440
"남자","경기도","　25~29","유배우",369,9821,10737,13825,1371,339
"남자","경기도","　30~34","미혼",1407,50168,61013,140955,14426,3580
"남자","경기도","　30~34","유배우",673,21779,37216,79227,11225,2412
"남자","경기도","　35~39","미혼",2301,52848,42252,71397,7366,1837
"남자","경기도","　35~39","유배우",1620,55789,76795,157046,28267,6053
"남자","경기도","　40~44","미혼",2681,51596,25905,41392,4167,918
"남자","경기도","　40~44","유배우",2188,88246,82355,167718,36033,8812
"남자","경기도","　45~49","미혼",4467,54502,15165,24666,3341,854
"남자","경기도","　45~49","유배우",5153,147588,72683,153285,44165,10971
"남자","경기도","　50~54","미혼",5648,39136,6702,12620,1537,459
"남자","경기도","　50~54","유배우",10508,179479,55579,143280,31436,10512
"남자","경기도","　55~59","미혼",5214,21087,2299,5420,597,265
"남자","경기도","　55~59","유배우",27160,191721,43265,123047,25556,9099
"남자","경기도","　60~64","미혼",3341,9943,679,1782,311,142
"남자","경기도","　60~64","유배우",47628,181500,28346,77282,19370,7217
"남자","경기도","　65~69","미혼",1193,3218,128,754,106,67
"남자","경기도","　65~69","유배우",42543,105800,10541,39366,10553,4013
"남자","경기도","　70~74","미혼",619,771,39,249,28,3
"남자","경기도","　70~74","유배우",32312,61621,4965,29198,5801,2077
"남자","경기도","　75~79","미혼",218,299,26,80,19,5
"남자","경기도","　75~79","유배우",23924,34644,2618,22095,3667,1139
"남자","경기도","　80~84","미혼",37,60,1,53,6,21
"남자","경기도","　80~84","유배우",11291,16650,1371,13397,1976,635
"남자","경기도","　85세이상","미혼",34,38,1,14,1,1
"남자","경기도","　85세이상","유배우",4323,6409,738,5500,780,234
"남자","강원도","　15~19","미혼",5623,24538,2101,6061,3,6
"남자","강원도","　15~19","유배우",-,7,-,-,-,-
"남자","강원도","　20~24","미혼",170,9672,10099,31652,292,166
"남자","강원도","　20~24","유배우",38,196,138,424,97,94
"남자","강원도","　25~29","미혼",105,6807,8661,22726,1700,288
"남자","강원도","　25~29","유배우",51,1375,1450,2953,347,178
"남자","강원도","　30~34","미혼",152,4071,4504,13264,1138,272
"남자","강원도","　30~34","유배우",85,1987,3450,8099,1050,153
"남자","강원도","　35~39","미혼",385,4726,3926,6899,564,175
"남자","강원도","　35~39","유배우",189,4629,6943,12906,2148,409
"남자","강원도","　40~44","미혼",361,5499,2829,4377,362,86
"남자","강원도","　40~44","유배우",267,7780,8104,13945,2479,820
"남자","강원도","　45~49","미혼",943,7131,1748,3029,405,81
"남자","강원도","　45~49","유배우",754,16105,7488,13599,2787,974
"남자","강원도","　50~54","미혼",1114,5504,868,1886,120,51
"남자","강원도","　50~54","유배우",1852,21284,6830,14369,2581,749
"남자","강원도","　55~59","미혼",991,3532,413,917,143,18
"남자","강원도","　55~59","유배우",5025,22946,5329,13512,2927,845
"남자","강원도","　60~64","미혼",714,1993,129,320,66,24
"남자","강원도","　60~64","유배우",9959,26948,3861,8416,2296,1002
"남자","강원도","　65~69","미혼",241,614,28,62,23,6
"남자","강원도","　65~69","유배우",8101,15388,1570,4232,1845,588
"남자","강원도","　70~74","미혼",69,124,4,61,14,-
"남자","강원도","　70~74","유배우",5572,8492,691,2929,754,302
"남자","강원도","　75~79","미혼",41,49,6,21,6,-
"남자","강원도","　75~79","유배우",4615,5595,354,2138,415,176
"남자","강원도","　80~84","미혼",9,8,-,-,-,-
"남자","강원도","　80~84","유배우",2568,2980,278,1482,128,68
"남자","강원도","　85세이상","미혼",8,16,-,17,-,-
"남자","강원도","　85세이상","유배우",765,1165,107,480,42,28
"남자","충청북도","　15~19","미혼",5825,26861,2003,7172,1,-
"남자","충청북도","　15~19","유배우",-,6,-,4,-,-
"남자","충청북도","　20~24","미혼",262,11854,12750,32521,182,33
"남자","충청북도","　20~24","유배우",10,265,102,74,10,9
"남자","충청북도","　25~29","미혼",183,9745,13901,26861,1684,198
"남자","충청북도","　25~29","유배우",72,1668,1723,1678,99,48
"남자","충청북도","　30~34","미혼",218,5612,7328,14707,1215,246
"남자","충청북도","　30~34","유배우",61,3018,4816,8108,952,147
"남자","충청북도","　35~39","미혼",432,6260,4966,7473,579,182
"남자","충청북도","　35~39","유배우",256,6601,9136,13543,2381,551
"남자","충청북도","　40~44","미혼",618,5866,3296,4826,357,115
"남자","충청북도","　40~44","유배우",330,10495,9454,14703,2414,720
"남자","충청북도","　45~49","미혼",767,6958,1861,2873,268,112
"남자","충청북도","　45~49","유배우",928,19131,7852,13513,2877,1081
"남자","충청북도","　50~54","미혼",850,5189,884,1488,139,34
"남자","충청북도","　50~54","유배우",1745,24398,6720,14952,2675,1007
"남자","충청북도","　55~59","미혼",862,2993,271,739,67,19
"남자","충청북도","　55~59","유배우",5239,25889,5465,13332,2501,938
"남자","충청북도","　60~64","미혼",609,1571,93,279,43,5
"남자","충청북도","　60~64","유배우",9961,26183,3352,7915,2067,865
"남자","충청북도","　65~69","미혼",166,511,16,56,26,5
"남자","충청북도","　65~69","유배우",7652,14488,1495,4052,1427,462
"남자","충청북도","　70~74","미혼",65,75,3,28,4,-
"남자","충청북도","　70~74","유배우",5514,7773,621,2580,685,165
"남자","충청북도","　75~79","미혼",45,29,-,20,16,-
"남자","충청북도","　75~79","유배우",3976,4224,380,1806,356,160
"남자","충청북도","　80~84","미혼",4,12,6,2,-,-
"남자","충청북도","　80~84","유배우",1565,2394,212,1403,154,51
"남자","충청북도","　85세이상","미혼",4,2,-,2,-,-
"남자","충청북도","　85세이상","유배우",567,738,87,341,56,18
"남자","충청남도","　15~19","미혼",7859,36609,2925,7501,-,-
"남자","충청남도","　15~19","유배우",5,7,-,-,-,-
"남자","충청남도","　20~24","미혼",275,14935,14638,38073,238,5
"남자","충청남도","　20~24","유배우",53,271,130,99,5,1
"남자","충청남도","　25~29","미혼",319,13750,15004,29708,1843,228
"남자","충청남도","　25~29","유배우",57,2008,1742,2055,162,37
"남자","충청남도","　30~34","미혼",353,8966,9801,18017,1192,265
"남자","충청남도","　30~34","유배우",165,4635,7176,10924,1217,229
"남자","충청남도","　35~39","미혼",546,9475,6900,9224,813,153
"남자","충청남도","　35~39","유배우",268,10557,14441,19089,2733,544
"남자","충청남도","　40~44","미혼",761,9622,4433,5731,408,86
"남자","충청남도","　40~44","유배우",385,16873,13652,20020,3413,876
"남자","충청남도","　45~49","미혼",1140,10385,2239,3103,428,96
"남자","충청남도","　45~49","유배우",1168,28086,10945,16561,4080,1243
"남자","충청남도","　50~54","미혼",1200,6828,1029,1598,227,33
"남자","충청남도","　50~54","유배우",2284,32490,8840,16191,3809,1162
"남자","충청남도","　55~59","미혼",1006,3766,349,703,102,32
"남자","충청남도","　55~59","유배우",6896,34584,6801,15335,3439,1415
"남자","충청남도","　60~64","미혼",721,2117,97,291,28,9
"남자","충청남도","　60~64","유배우",12406,32416,4450,8505,2682,886
"남자","충청남도","　65~69","미혼",301,692,6,53,40,10
"남자","충청남도","　65~69","유배우",10763,18073,1896,4017,1544,501
"남자","충청남도","　70~74","미혼",118,151,16,52,16,5
"남자","충청남도","　70~74","유배우",8344,10103,930,2805,796,337
"남자","충청남도","　75~79","미혼",42,78,1,58,8,6
"남자","충청남도","　75~79","유배우",5439,5199,340,1814,378,117
"남자","충청남도","　80~84","미혼",3,10,-,11,2,-
"남자","충청남도","　80~84","유배우",2393,2698,252,1236,171,51
"남자","충청남도","　85세이상","미혼",6,1,-,-,-,-
"남자","충청남도","　85세이상","유배우",935,1060,134,650,78,10
"남자","전라북도","　15~19","미혼",6838,31775,2231,8201,1,-
"남자","전라북도","　15~19","유배우",-,-,-,7,-,-
"남자","전라북도","　20~24","미혼",195,12179,11693,38907,175,17
"남자","전라북도","　20~24","유배우",16,304,92,121,13,5
"남자","전라북도","　25~29","미혼",232,9540,8924,27427,1472,318
"남자","전라북도","　25~29","유배우",89,1408,1176,1910,128,36
"남자","전라북도","　30~34","미혼",237,5730,4812,15783,1187,403
"남자","전라북도","　30~34","유배우",88,2433,2843,7358,771,152
"남자","전라북도","　35~39","미혼",356,6647,4004,8901,777,196
"남자","전라북도","　35~39","유배우",234,5783,6764,14215,1977,606
"남자","전라북도","　40~44","미혼",547,7713,3214,5968,320,116
"남자","전라북도","　40~44","유배우",299,10362,8097,16760,2539,958
"남자","전라북도","　45~49","미혼",1064,8639,2202,3705,325,101
"남자","전라북도","　45~49","유배우",765,19434,8739,16906,3343,1363
"남자","전라북도","　50~54","미혼",1133,6106,775,1870,168,65
"남자","전라북도","　50~54","유배우",1798,24774,6367,19075,2882,1623
"남자","전라북도","　55~59","미혼",1044,3529,308,919,114,21
"남자","전라북도","　55~59","유배우",5127,26191,4573,16563,3060,1502
"남자","전라북도","　60~64","미혼",772,2024,69,296,60,-
"남자","전라북도","　60~64","유배우",9048,27966,3703,10323,2594,1372
"남자","전라북도","　65~69","미혼",299,738,26,103,6,5
"남자","전라북도","　65~69","유배우",9092,17601,1390,5243,1759,660
"남자","전라북도","　70~74","미혼",162,149,1,24,5,2
"남자","전라북도","　70~74","유배우",7880,10860,767,3941,1043,313
"남자","전라북도","　75~79","미혼",48,36,5,25,2,-
"남자","전라북도","　75~79","유배우",5472,5663,394,2485,483,178
"남자","전라북도","　80~84","미혼",5,3,-,17,1,2
"남자","전라북도","　80~84","유배우",2400,3405,205,1467,173,94
"남자","전라북도","　85세이상","미혼",2,1,-,-,4,-
"남자","전라북도","　85세이상","유배우",877,1290,151,831,54,33
"남자","전라남도","　15~19","미혼",6110,30012,2245,5486,1,3
"남자","전라남도","　15~19","유배우",14,-,-,-,-,-
"남자","전라남도","　20~24","미혼",283,12679,12900,27076,150,60
"남자","전라남도","　20~24","유배우",7,389,89,114,11,7
"남자","전라남도","　25~29","미혼",307,8963,11429,21515,859,102
"남자","전라남도","　25~29","유배우",61,1410,1390,1678,89,34
"남자","전라남도","　30~34","미혼",253,5351,5701,12520,786,129
"남자","전라남도","　30~34","유배우",92,2685,4301,6948,532,80
"남자","전라남도","　35~39","미혼",426,6626,4936,7825,516,69
"남자","전라남도","　35~39","유배우",202,6384,8653,13456,1452,413
"남자","전라남도","　40~44","미혼",573,7175,3844,5066,432,103
"남자","전라남도","　40~44","유배우",360,10397,11245,14107,1975,463
"남자","전라남도","　45~49","미혼",1117,9013,2586,2862,255,82
"남자","전라남도","　45~49","유배우",946,21136,10543,12843,2073,867
"남자","전라남도","　50~54","미혼",1434,6865,854,1437,160,70
"남자","전라남도","　50~54","유배우",2397,29805,8734,14405,2401,604
"남자","전라남도","　55~59","미혼",1361,4121,296,638,83,29
"남자","전라남도","　55~59","유배우",6883,30418,6670,12342,2697,808
"남자","전라남도","　60~64","미혼",901,2292,93,204,42,5
"남자","전라남도","　60~64","유배우",12497,30141,4835,8065,2128,633
"남자","전라남도","　65~69","미혼",379,647,42,67,13,5
"남자","전라남도","　65~69","유배우",10927,17621,2330,3815,1215,377
"남자","전라남도","　70~74","미혼",113,131,20,35,6,-
"남자","전라남도","　70~74","유배우",9381,9739,1180,2656,584,248
"남자","전라남도","　75~79","미혼",61,11,-,19,5,-
"남자","전라남도","　75~79","유배우",6104,5367,467,1387,229,31
"남자","전라남도","　80~84","미혼",4,23,1,8,-,-
"남자","전라남도","　80~84","유배우",2870,2976,199,894,68,16
"남자","전라남도","　85세이상","미혼",-,9,-,2,-,-
"남자","전라남도","　85세이상","유배우",1008,966,124,428,29,11
"남자","경상북도","　15~19","미혼",8546,42015,3571,10234,-,-
"남자","경상북도","　15~19","유배우",-,-,-,5,-,-
"남자","경상북도","　20~24","미혼",459,16537,18375,47206,438,148
"남자","경상북도","　20~24","유배우",29,388,157,156,9,5
"남자","경상북도","　25~29","미혼",335,14189,18294,34575,1705,1082
"남자","경상북도","　25~29","유배우",105,1993,2206,1978,123,40
"남자","경상북도","　30~34","미혼",447,9463,11379,21391,1404,551
"남자","경상북도","　30~34","유배우",106,3800,7808,10214,1037,259
"남자","경상북도","　35~39","미혼",601,9604,8317,11413,763,229
"남자","경상북도","　35~39","유배우",303,9402,15931,20359,2314,720
"남자","경상북도","　40~44","미혼",832,9824,7157,6826,414,135
"남자","경상북도","　40~44","유배우",413,14420,18419,21657,2820,813
"남자","경상북도","　45~49","미혼",1216,11884,4104,4099,363,85
"남자","경상북도","　45~49","유배우",939,29891,17732,19522,3221,1201
"남자","경상북도","　50~54","미혼",1739,9073,1701,2411,173,47
"남자","경상북도","　50~54","유배우",2572,41732,14806,21349,3312,1164
"남자","경상북도","　55~59","미혼",1410,5026,529,1170,80,26
"남자","경상북도","　55~59","유배우",8566,47319,12061,19524,3580,1376
"남자","경상북도","　60~64","미혼",1056,2741,224,368,90,18
"남자","경상북도","　60~64","유배우",17214,48014,8415,12392,2860,1100
"남자","경상북도","　65~69","미혼",398,1001,28,134,12,-
"남자","경상북도","　65~69","유배우",16663,28606,3280,6363,1926,567
"남자","경상북도","　70~74","미혼",151,153,27,58,3,-
"남자","경상북도","　70~74","유배우",13228,15100,1481,4044,907,199
"남자","경상북도","　75~79","미혼",63,94,5,25,2,-
"남자","경상북도","　75~79","유배우",8493,7953,525,2351,326,107
"남자","경상북도","　80~84","미혼",12,8,2,2,1,6
"남자","경상북도","　80~84","유배우",4217,4453,281,1365,109,34
"남자","경상북도","　85세이상","미혼",2,5,1,3,3,-
"남자","경상북도","　85세이상","유배우",1262,1456,199,522,39,14
"남자","경상남도","　15~19","미혼",12639,54662,3924,11674,1,1
"남자","경상남도","　15~19","유배우",-,8,8,2,-,-
"남자","경상남도","　20~24","미혼",474,21249,23238,56577,336,18
"남자","경상남도","　20~24","유배우",16,358,113,91,5,4
"남자","경상남도","　25~29","미혼",426,17886,21421,46705,2274,294
"남자","경상남도","　25~29","유배우",67,2605,2521,2826,183,51
"남자","경상남도","　30~34","미혼",378,10484,13050,29558,2125,385
"남자","경상남도","　30~34","유배우",174,5118,8449,16478,1531,218
"남자","경상남도","　35~39","미혼",703,11986,10640,15749,1210,296
"남자","경상남도","　35~39","유배우",421,12515,21235,32640,4233,819
"남자","경상남도","　40~44","미혼",1028,13361,7833,9514,719,127
"남자","경상남도","　40~44","유배우",625,22218,23090,34190,5082,1383
"남자","경상남도","　45~49","미혼",1347,15085,4218,5893,521,91
"남자","경상남도","　45~49","유배우",1232,42281,20807,30286,5628,1628
"남자","경상남도","　50~54","미혼",1563,10635,1626,2958,279,68
"남자","경상남도","　50~54","유배우",3379,55094,15805,31303,4799,1877
"남자","경상남도","　55~59","미혼",1662,5789,561,1165,95,36
"남자","경상남도","　55~59","유배우",9031,58119,12094,26457,4602,1816
"남자","경상남도","　60~64","미혼",1111,3202,187,430,90,36
"남자","경상남도","　60~64","유배우",18167,57299,8717,15805,3617,1487
"남자","경상남도","　65~69","미혼",594,1066,51,99,29,7
"남자","경상남도","　65~69","유배우",17435,33667,3469,7514,1942,812
"남자","경상남도","　70~74","미혼",216,194,14,62,8,6
"남자","경상남도","　70~74","유배우",13834,17768,1584,4899,937,284
"남자","경상남도","　75~79","미혼",101,93,4,23,-,3
"남자","경상남도","　75~79","유배우",9160,8660,641,3051,514,145
"남자","경상남도","　80~84","미혼",12,21,2,13,-,-
"남자","경상남도","　80~84","유배우",3690,4696,375,1879,123,45
"남자","경상남도","　85세이상","미혼",4,14,2,6,-,-
"남자","경상남도","　85세이상","유배우",1178,1463,177,761,30,34
"남자","제주특별자치도","　15~19","미혼",2766,11530,1039,2076,-,-
"남자","제주특별자치도","　20~24","미혼",71,3377,4855,11124,73,2
"남자","제주특별자치도","　20~24","유배우",11,136,91,40,3,5
"남자","제주특별자치도","　25~29","미혼",79,3239,5100,9158,391,39
"남자","제주특별자치도","　25~29","유배우",20,605,895,734,48,6
"남자","제주특별자치도","　30~34","미혼",72,1616,2743,5815,335,40
"남자","제주특별자치도","　30~34","유배우",27,967,1912,3073,290,63
"남자","제주특별자치도","　35~39","미혼",112,1848,2645,3453,230,65
"남자","제주특별자치도","　35~39","유배우",145,1803,4725,6088,948,317
"남자","제주특별자치도","　40~44","미혼",109,2331,1966,2485,234,40
"남자","제주특별자치도","　40~44","유배우",62,3105,4770,7362,1148,278
"남자","제주특별자치도","　45~49","미혼",275,2787,1327,1516,104,69
"남자","제주특별자치도","　45~49","유배우",322,6741,5569,6464,1269,470
"남자","제주특별자치도","　50~54","미혼",238,2419,561,852,42,7
"남자","제주특별자치도","　50~54","유배우",483,8272,3913,7134,1124,448
"남자","제주특별자치도","　55~59","미혼",197,1412,223,356,37,-
"남자","제주특별자치도","　55~59","유배우",1075,7914,3023,6329,1367,394
"남자","제주특별자치도","　60~64","미혼",237,658,20,99,-,-
"남자","제주특별자치도","　60~64","유배우",2278,8572,1849,3627,1126,328
"남자","제주특별자치도","　65~69","미혼",172,226,-,30,19,-
"남자","제주특별자치도","　65~69","유배우",2222,5222,803,1960,726,277
"남자","제주특별자치도","　70~74","미혼",14,47,-,20,-,-
"남자","제주특별자치도","　70~74","유배우",1999,3956,367,1122,378,125
"남자","제주특별자치도","　75~79","미혼",11,5,10,-,-,-
"남자","제주특별자치도","　75~79","유배우",1879,1890,150,910,157,32
"남자","제주특별자치도","　80~84","미혼",2,39,-,1,-,-
"남자","제주특별자치도","　80~84","유배우",707,1173,89,443,77,-
"남자","제주특별자치도","　85세이상","미혼",1,1,-,11,-,-
"남자","제주특별자치도","　85세이상","유배우",302,272,48,195,23,8
