순번,이름,나이,성별,지역,직업,교육수준,소득분위,결혼상태,관심사,가치관,라이프스타일,성격특성,미디어소비,쇼핑습관,사회적관계
1,가상인물_540124492,37,남성,강원,임업,초졸,40-60%,기혼,"독서, 영화/드라마, IT/기술, 봉사활동, 여행, 요리","경험 중시, 사회적 기여, 성공, 사회적 가치, 개성 표현, 재테크 관심, 건강, 환경 보호, 워라밸",신혼부부군,ISFJ,웹툰/웹소설 소비,미지정,"집단주의적 성향, 체면 중시, 가족 중심 문화"
2,가상인물_115375063,63,여성,인천,취업준비생,고졸,40-60%,미혼,"게임, 운동, 요리","사회적 기여, 가족, 안정 추구, 공동체 의식, 건강, 환경 보호, 가족 중시, 전통 존중, 희생, 재물",액티브시니어족,ISFJ,SNS 활발,미지정,"정 문화, 체면 중시, 가족 중심 문화"
3,가상인물_515095941,49,여성,대전,사무직,고졸,60-80%,미혼,"IT/기술, 운동, 독서, 반려동물, 영화/드라마, 여행","사회적 기여, 합리성, 가족, 명예, 안정, 환경 보호, 개성, 가족과 개인의 균형, 문화적 개방성, 자기계발",나혼산족,INFJ,SNS 활발,미지정,가족 중심 문화
4,가상인물_415696493,51,남성,서울,공무원,대졸,20-40%,미혼,"운동, 게임, 요리","합리성, 자유, 환경 보호, 개성, 가족과 개인의 균형, 문화적 개방성, 자기계발, 재물",나혼산족,INTJ,웹툰/웹소설 소비,미지정,"정 문화, 집단주의적 성향, 체면 중시"
5,가상인물_315684498,43,여성,경기,교사,고졸,상위 20%,기혼,"운동, IT/기술, 영화/드라마, 여행","경험 중시, 사회적 가치, 개성 표현, 명예, 재테크 관심, 워라밸, 개인 성장, 재물",중고등자녀보유군,ESFJ,뉴스 앱/포털 이용,미지정,"가족 중심 문화, 선후배 관계 중시"
6,가상인물_156141199,79,여성,경기,기타 무직,대졸,상위 20%,미혼,"패션/뷰티, 독서, 여행, 재테크, 반려동물, 봉사활동","성공, 자유, 안정 추구, 공동체 의식, 환경 보호, 가족 중시, 전통 존중, 희생, 재물",액티브시니어족,INFJ,유튜브/OTT 시청,미지정,"정 문화, 체면 중시, 가족 중심 문화"
7,가상인물_101109406,55,여성,서울,"전문직(의사, 변호사 등)",대졸,하위 20%,미혼,"반려동물, 운동, 패션/뷰티, 음악, 독서, IT/기술","사회적 기여, 합리성, 자유, 개성, 가족과 개인의 균형, 문화적 개방성, 자기계발, 재물",나혼산족,INFJ,유튜브/OTT 시청,미지정,집단주의적 성향
8,가상인물_961703561,63,남성,경기,은퇴자,대졸,상위 20%,기혼,"재테크, 영화/드라마, IT/기술, 요리, 운동, 여행","사회적 기여, 성공, 안정 추구, 공동체 의식, 건강, 가족 중시, 희생, 전통 존중, 개인 성장",액티브시니어족,ESTJ,SNS 활발,미지정,집단주의적 성향
9,가상인물_599561438,46,여성,울산,육아휴직중,대학원졸,20-40%,기혼,"재테크, 패션/뷰티, 게임","사회적 기여, 성공, 합리성, 안정, 개성, 가족과 개인의 균형, 문화적 개방성, 자기계발, 개인 성장, 재물",영아자녀보유군,ISFJ,웹툰/웹소설 소비,미지정,"체면 중시, 정 문화"
10,가상인물_587261495,46,여성,경북,공무원,대졸,40-60%,미혼,"요리, IT/기술, 봉사활동, 영화/드라마, 독서, 여행","사회적 기여, 성공, 합리성, 가족, 개성, 가족과 개인의 균형, 문화적 개방성, 자기계발, 개인 성장",나혼산족,INFJ,유튜브/OTT 시청,미지정,"가족 중심 문화, 선후배 관계 중시"
11,가상인물_481737025,12,남성,부산,초등학생,초졸,40-60%,미혼,"게임, 패션/뷰티, 음악, 여행","사회적 기여, 다양성 존중, 가치소비, 디지털 네이티브, 가족, 개인주의, 환경 보호, 공정성 중시, 개인 성장",중고등학생군,INFP,유튜브/OTT 시청,미지정,가족 중심 문화
12,가상인물_666658013,56,남성,경북,공무원,대졸,상위 20%,기혼,"요리, 패션/뷰티, 독서, 게임, IT/기술","사회적 기여, 합리성, 자유, 명예, 건강, 개성, 가족과 개인의 균형, 문화적 개방성, 자기계발, 개인 성장",액티브시니어족,ENTJ,웹툰/웹소설 소비,미지정,가족 중심 문화
13,가상인물_818727853,75,여성,제주,은퇴자,고졸,상위 20%,기혼,"영화/드라마, 운동, 게임","안정 추구, 안정, 건강, 희생, 가족 중시, 전통 존중, 공동체 의식",액티브시니어족,ISFJ,웹툰/웹소설 소비,미지정,"선후배 관계 중시, 가족 중심 문화"
14,가상인물_365785465,22,여성,서울,소상공인,고졸,40-60%,기혼,"요리, IT/기술, 여행, 재테크, 음악","사회적 기여, 다양성 존중, 가치소비, 성공, 디지털 네이티브, 가족, 명예, 개인주의, 공정성 중시",신혼부부군,ISFJ,웹툰/웹소설 소비,미지정,"집단주의적 성향, 선후배 관계 중시, 가족 중심 문화"
15,가상인물_564996365,34,남성,경기,기술직,초졸,60-80%,기혼,"반려동물, 게임, 요리","경험 중시, 사회적 가치, 개성 표현, 자유, 가족, 안정, 재테크 관심, 워라밸",신혼부부군,ISFP,유튜브/OTT 시청,미지정,가족 중심 문화
16,가상인물_113898123,46,남성,경기,교사,고졸,20-40%,기혼,"독서, 요리, 반려동물, 여행","합리성, 명예, 안정, 개성, 가족과 개인의 균형, 문화적 개방성, 자기계발, 개인 성장, 재물",중고등자녀보유군,ISFJ,웹툰/웹소설 소비,미지정,집단주의적 성향
17,가상인물_287907471,30,여성,경남,교사,대졸,하위 20%,이혼,"요리, 패션/뷰티, IT/기술, 영화/드라마, 게임, 재테크","경험 중시, 사회적 기여, 사회적 가치, 개성 표현, 가족, 명예, 재테크 관심, 건강, 워라밸, 개인 성장",나혼산족,INFP,웹툰/웹소설 소비,미지정,"가족 중심 문화, 정 문화, 체면 중시"
18,가상인물_246592421,50,남성,경기,영업/마케팅,대졸,60-80%,기혼,"IT/기술, 여행, 재테크","성공, 합리성, 자유, 개성, 가족과 개인의 균형, 문화적 개방성, 자기계발",자녀결혼군,ENTJ,웹툰/웹소설 소비,미지정,"선후배 관계 중시, 가족 중심 문화"
19,가상인물_262449658,24,남성,전남,공무원,고졸,60-80%,미혼,"요리, 여행, 반려동물, IT/기술, 패션/뷰티, 게임","다양성 존중, 가치소비, 디지털 네이티브, 자유, 안정, 개인주의, 공정성 중시, 개인 성장, 재물",나혼산족,INFP,뉴스 앱/포털 이용,미지정,"체면 중시, 선후배 관계 중시"
20,가상인물_399423667,55,여성,충남,공무원,대졸,20-40%,기혼,"게임, IT/기술, 영화/드라마","사회적 기여, 성공, 합리성, 명예, 환경 보호, 개성, 가족과 개인의 균형, 문화적 개방성, 자기계발, 개인 성장",자녀결혼군,INFJ,뉴스 앱/포털 이용,미지정,"정 문화, 가족 중심 문화, 집단주의적 성향"
21,가상인물_828199648,34,여성,강원,전업주부,고졸,20-40%,미혼,"반려동물, IT/기술, 영화/드라마, 여행, 음악","경험 중시, 사회적 가치, 개성 표현, 자유, 명예, 재테크 관심, 워라밸",펫팸족,INFP,뉴스 앱/포털 이용,미지정,가족 중심 문화
22,가상인물_557945749,42,남성,경기,임업,대졸,상위 20%,기혼,"독서, 재테크, 운동, 반려동물, 영화/드라마, 봉사활동","경험 중시, 사회적 기여, 성공, 사회적 가치, 개성 표현, 자유, 명예, 재테크 관심, 워라밸",펫팸족,INFJ,SNS 활발,미지정,"선후배 관계 중시, 가족 중심 문화"
23,가상인물_954320570,76,남성,인천,취업준비생,고졸,상위 20%,기혼,"재테크, IT/기술, 봉사활동, 반려동물, 패션/뷰티, 독서","안정 추구, 안정, 공동체 의식, 환경 보호, 개인 성장, 가족 중시, 전통 존중, 희생",실버군,ISFJ,유튜브/OTT 시청,미지정,"체면 중시, 집단주의적 성향, 가족 중심 문화"
24,가상인물_545374049,45,여성,세종,"전문직(의사, 변호사 등)",대학원졸,상위 20%,미혼,"음악, 여행, 봉사활동","사회적 기여, 합리성, 개성, 건강, 환경 보호, 가족과 개인의 균형, 문화적 개방성, 자기계발, 개인 성장",나혼산족,INFJ,유튜브/OTT 시청,미지정,"가족 중심 문화, 체면 중시, 선후배 관계 중시"
25,가상인물_380156992,61,여성,경기,은퇴자,대졸,하위 20%,기혼,"패션/뷰티, IT/기술, 여행","성공, 안정 추구, 희생, 개인 성장, 가족 중시, 전통 존중, 공동체 의식",실버군,ISFJ,SNS 활발,미지정,"체면 중시, 집단주의적 성향, 선후배 관계 중시"
26,가상인물_234727575,90,남성,대전,어업,중졸,40-60%,미혼,"재테크, IT/기술, 독서, 음악, 패션/뷰티, 운동","안정 추구, 희생, 가족 중시, 개인 성장, 전통 존중, 공동체 의식, 재물",실버군,ISFJ,유튜브/OTT 시청,미지정,"선후배 관계 중시, 집단주의적 성향, 정 문화"
27,가상인물_228845192,73,여성,서울,취업준비생,대졸,40-60%,기혼,"재테크, 게임, 독서, 반려동물","자유, 가족, 명예, 안정 추구, 공동체 의식, 건강, 가족 중시, 전통 존중, 희생, 재물",펫팸족,ISFJ,웹툰/웹소설 소비,미지정,"집단주의적 성향, 선후배 관계 중시"
28,가상인물_750295261,28,남성,강원,프리랜서,고졸,60-80%,미혼,"재테크, 봉사활동, 요리","경험 중시, 사회적 가치, 개성 표현, 자유, 안정, 재테크 관심, 워라밸",나혼산족,INFP,SNS 활발,미지정,"집단주의적 성향, 체면 중시, 정 문화"
29,가상인물_740419558,61,남성,광주,프리랜서,대졸,하위 20%,미혼,"여행, 게임, 패션/뷰티","성공, 가족, 안정 추구, 희생, 가족 중시, 전통 존중, 공동체 의식",나혼산족,ISFJ,유튜브/OTT 시청,미지정,선후배 관계 중시
30,가상인물_210416040,44,남성,경북,교사,고졸,60-80%,기혼,"패션/뷰티, 운동, 여행","경험 중시, 사회적 기여, 성공, 사회적 가치, 개성 표현, 가족, 재테크 관심, 환경 보호, 워라밸",중고등자녀보유군,ISFJ,뉴스 앱/포털 이용,미지정,"집단주의적 성향, 가족 중심 문화, 체면 중시"
31,가상인물_602128241,51,남성,경기,중소기업 대표,대졸,60-80%,미혼,"IT/기술, 봉사활동, 요리, 패션/뷰티","성공, 합리성, 개성, 가족과 개인의 균형, 문화적 개방성, 자기계발, 개인 성장, 재물",나혼산족,ENTJ,SNS 활발,미지정,"가족 중심 문화, 선후배 관계 중시"
32,가상인물_207378149,18,남성,경기,중학생,대졸,20-40%,기혼,"요리, IT/기술, 독서","다양성 존중, 가치소비, 디지털 네이티브, 자유, 명예, 개인주의, 건강, 환경 보호, 공정성 중시",중고등학생군,INFP,유튜브/OTT 시청,미지정,"선후배 관계 중시, 가족 중심 문화"
33,가상인물_683604381,47,여성,경기,"전문직(의사, 변호사 등)",대학원졸,40-60%,기혼,"반려동물, 음악, 영화/드라마, 봉사활동, 게임","성공, 합리성, 가족, 안정, 개성, 건강, 가족과 개인의 균형, 문화적 개방성, 자기계발",펫팸족,INFJ,뉴스 앱/포털 이용,미지정,체면 중시
34,가상인물_637475982,41,남성,대구,사무직,대졸,20-40%,미혼,"영화/드라마, 봉사활동, 운동, 재테크","경험 중시, 성공, 사회적 가치, 개성 표현, 재테크 관심, 환경 보호, 워라밸",나혼산족,INFJ,유튜브/OTT 시청,미지정,"집단주의적 성향, 가족 중심 문화, 선후배 관계 중시"
35,가상인물_668066840,60,여성,충남,소상공인,고졸,20-40%,미혼,"운동, 요리, 반려동물, 게임, 여행, 영화/드라마","자유, 가족, 안정, 안정 추구, 공동체 의식, 희생, 가족 중시, 전통 존중, 개인 성장, 재물",액티브시니어족,ISFJ,유튜브/OTT 시청,미지정,체면 중시
36,가상인물_366713523,13,남성,경남,초등학생,초졸,20-40%,미혼,"IT/기술, 봉사활동, 재테크","사회적 기여, 다양성 존중, 가치소비, 성공, 디지털 네이티브, 명예, 개인주의, 공정성 중시, 개인 성장, 재물",중고등학생군,INFP,웹툰/웹소설 소비,미지정,정 문화
37,가상인물_854889943,32,여성,경기,기타 무직,대졸,하위 20%,미혼,"봉사활동, 반려동물, 패션/뷰티, 운동, 게임","경험 중시, 사회적 가치, 개성 표현, 재테크 관심, 건강, 워라밸, 개인 성장, 재물",나혼산족,INFP,유튜브/OTT 시청,미지정,정 문화
38,가상인물_282428922,91,여성,경기,취업준비생,고졸,40-60%,이혼,"IT/기술, 재테크, 반려동물","사회적 기여, 안정 추구, 명예, 안정, 공동체 의식, 희생, 가족 중시, 전통 존중, 개인 성장, 재물",실버군,ISFJ,유튜브/OTT 시청,미지정,"집단주의적 성향, 체면 중시, 정 문화"
39,가상인물_356176778,29,여성,광주,임업,대졸,하위 20%,미혼,"패션/뷰티, 요리, 운동, IT/기술, 영화/드라마, 봉사활동","경험 중시, 성공, 사회적 가치, 개성 표현, 재테크 관심, 워라밸, 재물",나혼산족,INFP,뉴스 앱/포털 이용,미지정,"선후배 관계 중시, 가족 중심 문화, 정 문화"
40,가상인물_475706380,59,남성,경기,전업주부,대졸,상위 20%,미혼,"운동, 패션/뷰티, 독서, 게임, 재테크","사회적 기여, 합리성, 자유, 개성, 가족과 개인의 균형, 문화적 개방성, 자기계발, 개인 성장",액티브시니어족,INFP,유튜브/OTT 시청,미지정,집단주의적 성향
41,가상인물_667710022,63,여성,대전,소상공인,고졸,60-80%,미혼,"요리, 독서, 음악, IT/기술, 영화/드라마","자유, 가족, 명예, 안정 추구, 공동체 의식, 희생, 가족 중시, 전통 존중, 개인 성장, 재물",나혼산족,ISFJ,웹툰/웹소설 소비,미지정,"집단주의적 성향, 선후배 관계 중시"
42,가상인물_525780575,35,여성,경북,임업,대학원졸,40-60%,사별,"패션/뷰티, 독서, 봉사활동","경험 중시, 사회적 가치, 개성 표현, 가족, 안정, 재테크 관심, 워라밸",나혼산족,ISFJ,유튜브/OTT 시청,미지정,집단주의적 성향
43,가상인물_862323502,60,여성,경기,기타 무직,초졸,40-60%,이혼,"여행, 반려동물, 영화/드라마, 봉사활동","사회적 기여, 안정 추구, 안정, 희생, 가족 중시, 전통 존중, 공동체 의식",액티브시니어족,ISFJ,웹툰/웹소설 소비,미지정,"집단주의적 성향, 가족 중심 문화, 선후배 관계 중시"
44,가상인물_257599715,3,여성,경기,초등학생,초졸,60-80%,기혼,"재테크, 봉사활동, 요리, 패션/뷰티, 영화/드라마, 음악","자유, 가족",유아자녀보유군,ISFJ,유튜브/OTT 시청,미지정,"정 문화, 가족 중심 문화"
45,가상인물_628311615,24,남성,경북,공무원,대졸,하위 20%,기혼,"요리, IT/기술, 재테크","사회적 기여, 다양성 존중, 가치소비, 디지털 네이티브, 개인주의, 공정성 중시, 재물",신혼부부군,ISTJ,뉴스 앱/포털 이용,미지정,"집단주의적 성향, 선후배 관계 중시"
46,가상인물_977183347,25,남성,전북,사무직,고졸,60-80%,미혼,"패션/뷰티, 음악, 운동, 봉사활동","경험 중시, 성공, 사회적 가치, 개성 표현, 자유, 명예, 안정, 재테크 관심, 건강, 워라밸",사회초년생군,ENFP,뉴스 앱/포털 이용,미지정,"선후배 관계 중시, 정 문화"
47,가상인물_993736074,98,여성,경기,은퇴자,고졸,하위 20%,미혼,"독서, 봉사활동, 재테크, 게임, 요리, 반려동물","자유, 명예, 안정, 안정 추구, 공동체 의식, 건강, 가족 중시, 전통 존중, 희생",실버군,ISFJ,SNS 활발,미지정,"체면 중시, 가족 중심 문화"
48,가상인물_415907296,100,여성,인천,기타 무직,대졸,20-40%,미혼,"IT/기술, 반려동물, 게임, 봉사활동, 음악, 재테크","성공, 안정 추구, 명예, 공동체 의식, 환경 보호, 가족 중시, 전통 존중, 희생",실버군,ISFJ,SNS 활발,미지정,선후배 관계 중시
49,가상인물_747873614,47,여성,경기,공무원,고졸,20-40%,기혼,"여행, 요리, 음악, 독서, 영화/드라마, 재테크","합리성, 자유, 명예, 개성, 가족과 개인의 균형, 문화적 개방성, 자기계발",신혼부부군,ISFJ,웹툰/웹소설 소비,미지정,집단주의적 성향
50,가상인물_680108144,93,남성,서울,기타 무직,초졸,60-80%,미혼,"독서, 게임, 봉사활동, IT/기술","자유, 명예, 안정 추구, 공동체 의식, 건강, 가족 중시, 전통 존중, 희생",실버군,INFJ,뉴스 앱/포털 이용,미지정,"정 문화, 가족 중심 문화, 선후배 관계 중시"
51,가상인물_944654605,45,남성,경기,프리랜서,대졸,하위 20%,미혼,"여행, IT/기술, 요리, 독서, 반려동물, 패션/뷰티","합리성, 자유, 명예, 개성, 가족과 개인의 균형, 문화적 개방성, 자기계발, 개인 성장, 재물",나혼산족,INTP,뉴스 앱/포털 이용,미지정,"가족 중심 문화, 정 문화"
52,가상인물_810752336,49,여성,서울,영업/마케팅,대학원졸,40-60%,기혼,"음악, 요리, 재테크, 운동, 독서, IT/기술","합리성, 명예, 개성, 가족과 개인의 균형, 문화적 개방성, 자기계발, 개인 성장",자녀결혼군,ENFJ,유튜브/OTT 시청,미지정,"정 문화, 집단주의적 성향"
53,가상인물_916045275,46,남성,경기,사무직,고졸,60-80%,미혼,"게임, 음악, 봉사활동, 재테크, 여행, IT/기술","사회적 기여, 성공, 합리성, 명예, 안정, 개성, 가족과 개인의 균형, 문화적 개방성, 자기계발, 개인 성장",나혼산족,INTJ,SNS 활발,미지정,"정 문화, 체면 중시"
54,가상인물_662941717,27,남성,충남,중소기업 대표,대졸,60-80%,기혼,"게임, 패션/뷰티, 요리","경험 중시, 사회적 기여, 성공, 사회적 가치, 개성 표현, 재테크 관심, 환경 보호, 워라밸, 재물",신혼부부군,ENTJ,유튜브/OTT 시청,미지정,체면 중시
55,가상인물_304291884,59,여성,경기,소상공인,대졸,상위 20%,이혼,"독서, 반려동물, IT/기술, 운동, 재테크, 패션/뷰티","사회적 기여, 합리성, 개성, 가족과 개인의 균형, 문화적 개방성, 자기계발, 개인 성장, 재물",액티브시니어족,ENTJ,유튜브/OTT 시청,미지정,"선후배 관계 중시, 가족 중심 문화, 체면 중시"
56,가상인물_710951382,16,여성,경기,고등학생,고졸,상위 20%,기혼,"영화/드라마, 음악, 운동, 게임, IT/기술, 봉사활동","다양성 존중, 가치소비, 성공, 디지털 네이티브, 안정, 개인주의, 공정성 중시, 개인 성장",중고등학생군,ENFP,웹툰/웹소설 소비,미지정,가족 중심 문화
57,가상인물_656548296,39,여성,인천,공무원,고졸,60-80%,미혼,"재테크, 요리, 게임","경험 중시, 사회적 기여, 성공, 사회적 가치, 개성 표현, 자유, 안정, 재테크 관심, 워라밸",나혼산족,ISFJ,웹툰/웹소설 소비,미지정,"집단주의적 성향, 선후배 관계 중시"
58,가상인물_746561187,9,여성,서울,중학생,초졸,40-60%,기혼,"패션/뷰티, 영화/드라마, 재테크","자유, 안정, 개인 성장, 재물",초등자녀보유군,ISFJ,유튜브/OTT 시청,미지정,정 문화
59,가상인물_274590582,19,남성,충남,초등학생,고졸,20-40%,미혼,"게임, 패션/뷰티, 독서, 영화/드라마","다양성 존중, 가치소비, 성공, 디지털 네이티브, 안정, 개인주의, 건강, 공정성 중시, 재물",중고등학생군,INFP,유튜브/OTT 시청,미지정,"가족 중심 문화, 선후배 관계 중시"
60,가상인물_704134164,85,남성,경기,어업,대학원졸,하위 20%,이혼,"여행, IT/기술, 독서, 운동, 음악","안정 추구, 명예, 희생, 가족 중시, 전통 존중, 공동체 의식, 재물",실버군,ISFJ,유튜브/OTT 시청,미지정,"집단주의적 성향, 선후배 관계 중시, 체면 중시"
61,가상인물_966034648,54,여성,서울,"전문직(의사, 변호사 등)",고졸,40-60%,기혼,"IT/기술, 재테크, 요리","성공, 합리성, 개성, 가족과 개인의 균형, 문화적 개방성, 자기계발, 개인 성장, 재물",자녀결혼군,ISTJ,SNS 활발,미지정,"가족 중심 문화, 체면 중시"
62,가상인물_971386071,58,여성,경남,중소기업 대표,고졸,20-40%,기혼,"독서, 운동, 봉사활동, 반려동물, 패션/뷰티","성공, 합리성, 개성, 건강, 환경 보호, 가족과 개인의 균형, 문화적 개방성, 자기계발, 재물",액티브시니어족,ESTJ,뉴스 앱/포털 이용,미지정,정 문화
63,가상인물_731434760,31,남성,경기,공무원,대졸,20-40%,기혼,"봉사활동, 음악, 게임","경험 중시, 사회적 기여, 사회적 가치, 개성 표현, 자유, 안정, 재테크 관심, 환경 보호, 워라밸",신혼부부군,INFJ,웹툰/웹소설 소비,미지정,체면 중시
64,가상인물_730302687,26,남성,울산,취업준비생,고졸,하위 20%,기혼,"게임, 독서, 운동, 패션/뷰티, 음악","경험 중시, 성공, 사회적 가치, 개성 표현, 가족, 자유, 안정, 재테크 관심, 환경 보호, 워라밸",신혼부부군,ISFJ,웹툰/웹소설 소비,미지정,"체면 중시, 집단주의적 성향"
65,가상인물_725179100,27,남성,서울,사무직,대학원졸,40-60%,미혼,"여행, 봉사활동, 재테크, 운동, 독서, 요리","경험 중시, 사회적 기여, 사회적 가치, 개성 표현, 안정, 재테크 관심, 환경 보호, 워라밸, 개인 성장, 재물",나혼산족,INFP,유튜브/OTT 시청,미지정,"가족 중심 문화, 선후배 관계 중시, 정 문화"
66,가상인물_141709461,79,여성,부산,기타 무직,대졸,상위 20%,기혼,"여행, 요리, 운동, 영화/드라마, 게임","성공, 가족, 안정 추구, 공동체 의식, 건강, 환경 보호, 가족 중시, 전통 존중, 희생, 재물",액티브시니어족,ESFJ,뉴스 앱/포털 이용,미지정,"선후배 관계 중시, 정 문화, 집단주의적 성향"
67,가상인물_800747591,48,여성,경기,영업/마케팅,중졸,하위 20%,미혼,"독서, 요리, IT/기술, 반려동물, 음악, 게임","성공, 합리성, 자유, 개성, 가족과 개인의 균형, 문화적 개방성, 자기계발",나혼산족,INFP,뉴스 앱/포털 이용,미지정,"체면 중시, 가족 중심 문화, 정 문화"
68,가상인물_319187002,26,남성,충북,기술직,대졸,하위 20%,미혼,"게임, 봉사활동, 음악, 요리","경험 중시, 사회적 기여, 사회적 가치, 개성 표현, 명예, 안정, 재테크 관심, 워라밸",나혼산족,INFP,SNS 활발,미지정,"체면 중시, 집단주의적 성향"
69,가상인물_462519156,34,남성,충남,"전문직(의사, 변호사 등)",고졸,60-80%,미혼,"음악, 요리, 독서, 게임","경험 중시, 성공, 사회적 가치, 개성 표현, 가족, 재테크 관심, 워라밸, 개인 성장, 재물",나혼산족,INTJ,SNS 활발,미지정,"체면 중시, 가족 중심 문화, 선후배 관계 중시"
70,가상인물_599738807,77,여성,경기,임업,고졸,상위 20%,미혼,"여행, 재테크, 봉사활동, 운동, 영화/드라마","사회적 기여, 자유, 안정 추구, 안정, 공동체 의식, 건강, 환경 보호, 가족 중시, 전통 존중, 희생",액티브시니어족,ISFJ,SNS 활발,미지정,"정 문화, 가족 중심 문화, 체면 중시"
71,가상인물_395009853,49,남성,서울,중소기업 대표,고졸,상위 20%,미혼,"IT/기술, 봉사활동, 요리, 영화/드라마, 게임, 재테크","사회적 기여, 합리성, 자유, 가족, 개성, 가족과 개인의 균형, 문화적 개방성, 자기계발, 개인 성장",나혼산족,ENTJ,뉴스 앱/포털 이용,미지정,"정 문화, 가족 중심 문화"
72,가상인물_739874544,69,남성,경북,영업/마케팅,대졸,상위 20%,미혼,"영화/드라마, 반려동물, 독서","안정 추구, 안정, 희생, 개인 성장, 가족 중시, 전통 존중, 공동체 의식",나혼산족,ISTJ,웹툰/웹소설 소비,미지정,"정 문화, 체면 중시"
73,가상인물_191571393,99,여성,서울,임업,고졸,하위 20%,미혼,"요리, 패션/뷰티, 운동","사회적 기여, 자유, 가족, 안정 추구, 공동체 의식, 가족 중시, 전통 존중, 희생",실버군,ISFJ,웹툰/웹소설 소비,미지정,"선후배 관계 중시, 집단주의적 성향"
74,가상인물_146023784,55,남성,대구,육아휴직중,중졸,20-40%,이혼,"봉사활동, 운동, 독서, 음악","성공, 합리성, 개성, 가족과 개인의 균형, 문화적 개방성, 자기계발, 재물",황혼육아군,ISFJ,유튜브/OTT 시청,미지정,"가족 중심 문화, 체면 중시, 집단주의적 성향"
75,가상인물_325756370,33,여성,광주,기술직,대졸,40-60%,기혼,"반려동물, 여행, 영화/드라마, 재테크","경험 중시, 사회적 가치, 개성 표현, 가족, 재테크 관심, 건강, 워라밸",신혼부부군,ISFJ,유튜브/OTT 시청,미지정,"집단주의적 성향, 선후배 관계 중시, 가족 중심 문화"
76,가상인물_231619569,84,여성,경기,기타 무직,대졸,하위 20%,기혼,"요리, 패션/뷰티, 봉사활동, 독서","가족, 명예, 안정 추구, 공동체 의식, 환경 보호, 가족 중시, 전통 존중, 희생",실버군,ISFJ,유튜브/OTT 시청,미지정,"체면 중시, 정 문화"
77,가상인물_175453311,40,여성,서울,육아휴직중,고졸,20-40%,미혼,"여행, 요리, 독서","경험 중시, 성공, 사회적 가치, 개성 표현, 재테크 관심, 건강, 환경 보호, 워라밸, 재물",영아자녀보유군,ISFJ,웹툰/웹소설 소비,미지정,"가족 중심 문화, 선후배 관계 중시, 집단주의적 성향"
78,가상인물_956846510,40,여성,전남,은퇴자,중졸,하위 20%,기혼,"게임, 운동, 패션/뷰티, 여행","경험 중시, 사회적 기여, 사회적 가치, 개성 표현, 가족, 안정, 재테크 관심, 환경 보호, 워라밸, 재물",액티브시니어족,ISFJ,웹툰/웹소설 소비,미지정,"집단주의적 성향, 가족 중심 문화"
79,가상인물_716615831,23,여성,경기,사무직,대졸,60-80%,이혼,"봉사활동, 영화/드라마, IT/기술, 독서","다양성 존중, 가치소비, 성공, 디지털 네이티브, 가족, 개인주의, 공정성 중시, 재물",나혼산족,INFJ,SNS 활발,미지정,"가족 중심 문화, 집단주의적 성향"
80,가상인물_278418093,43,여성,서울,교사,고졸,하위 20%,미혼,"반려동물, 여행, 게임, 운동","경험 중시, 사회적 가치, 개성 표현, 자유, 가족, 안정, 재테크 관심, 워라밸, 재물",나혼산족,ISFJ,뉴스 앱/포털 이용,미지정,체면 중시
81,가상인물_446798771,1,남성,전북,고등학생,초졸,20-40%,미혼,"영화/드라마, IT/기술, 봉사활동, 독서, 운동, 재테크","사회적 기여, 가족, 안정, 재물",중고등학생군,INFP,뉴스 앱/포털 이용,미지정,"선후배 관계 중시, 체면 중시, 가족 중심 문화"
82,가상인물_420712038,50,남성,경북,공무원,대졸,상위 20%,미혼,"재테크, 여행, IT/기술, 패션/뷰티, 요리","성공, 합리성, 자유, 가족, 개성, 가족과 개인의 균형, 문화적 개방성, 자기계발, 재물",나혼산족,ENTJ,SNS 활발,미지정,"선후배 관계 중시, 정 문화, 집단주의적 성향"
83,가상인물_679100261,38,여성,전남,육아휴직중,고졸,40-60%,기혼,"요리, 여행, 독서","경험 중시, 사회적 가치, 개성 표현, 자유, 가족, 재테크 관심, 워라밸",영아자녀보유군,ISFJ,웹툰/웹소설 소비,미지정,"선후배 관계 중시, 집단주의적 성향"
84,가상인물_335372284,9,남성,경기,초등학생,초졸,60-80%,기혼,"독서, 영화/드라마, 패션/뷰티","건강, 재물",초등자녀보유군,INFP,웹툰/웹소설 소비,미지정,정 문화
85,가상인물_293524133,31,여성,경남,프리랜서,대졸,상위 20%,미혼,"여행, 반려동물, 음악, 봉사활동, 패션/뷰티","경험 중시, 성공, 사회적 가치, 개성 표현, 자유, 가족, 재테크 관심, 환경 보호, 워라밸, 개인 성장",나혼산족,ENFP,SNS 활발,미지정,"정 문화, 가족 중심 문화, 선후배 관계 중시"
86,가상인물_128386319,51,남성,경기,사무직,대졸,상위 20%,기혼,"IT/기술, 반려동물, 운동, 봉사활동, 여행","합리성, 자유, 가족, 개성, 가족과 개인의 균형, 문화적 개방성, 자기계발, 개인 성장",액티브시니어족,ENTJ,뉴스 앱/포털 이용,미지정,체면 중시
87,가상인물_322300678,42,여성,서울,"전문직(의사, 변호사 등)",대졸,20-40%,기혼,"여행, 영화/드라마, 운동","경험 중시, 사회적 가치, 개성 표현, 명예, 재테크 관심, 워라밸, 재물",신혼부부군,ENFJ,SNS 활발,미지정,"정 문화, 체면 중시, 가족 중심 문화"
88,가상인물_977710585,16,남성,경북,고등학생,중졸,60-80%,기혼,"영화/드라마, 운동, 게임, 봉사활동","사회적 기여, 다양성 존중, 가치소비, 디지털 네이티브, 가족, 개인주의, 건강, 공정성 중시",중고등학생군,INFP,SNS 활발,미지정,"체면 중시, 집단주의적 성향, 가족 중심 문화"
89,가상인물_874881754,69,남성,전북,은퇴자,대졸,하위 20%,미혼,"여행, 패션/뷰티, 독서","사회적 기여, 안정 추구, 명예, 공동체 의식, 건강, 가족 중시, 환경 보호, 전통 존중, 희생",실버군,ISFJ,SNS 활발,미지정,집단주의적 성향
90,가상인물_396499893,100,남성,경기,취업준비생,고졸,40-60%,기혼,"운동, 게임, IT/기술, 패션/뷰티","성공, 안정 추구, 명예, 공동체 의식, 개인 성장, 가족 중시, 전통 존중, 희생",실버군,ISFJ,유튜브/OTT 시청,미지정,정 문화
91,가상인물_362274765,34,남성,경북,기술직,대졸,60-80%,미혼,"음악, 봉사활동, IT/기술, 요리, 재테크, 여행","경험 중시, 사회적 기여, 사회적 가치, 개성 표현, 가족, 안정, 재테크 관심, 환경 보호, 워라밸",나혼산족,INFP,웹툰/웹소설 소비,미지정,체면 중시
92,가상인물_524882841,77,남성,경북,공무원,대졸,60-80%,기혼,"요리, 독서, 운동, 음악, 패션/뷰티, 봉사활동","성공, 안정 추구, 명예, 안정, 공동체 의식, 희생, 가족 중시, 전통 존중, 개인 성장, 재물",액티브시니어족,ESTJ,뉴스 앱/포털 이용,미지정,"가족 중심 문화, 정 문화"
93,가상인물_221641380,11,여성,인천,대학원생,초졸,20-40%,기혼,"재테크, 패션/뷰티, 반려동물, 독서","사회적 기여, 다양성 존중, 가치소비, 디지털 네이티브, 개인주의, 공정성 중시, 재물",초등자녀보유군,INFP,유튜브/OTT 시청,미지정,"체면 중시, 선후배 관계 중시"
94,가상인물_913175905,36,남성,부산,소상공인,고졸,60-80%,기혼,"영화/드라마, 음악, 독서","경험 중시, 사회적 가치, 개성 표현, 명예, 재테크 관심, 환경 보호, 워라밸",신혼부부군,ISFJ,SNS 활발,미지정,"집단주의적 성향, 정 문화"
95,가상인물_842064220,11,여성,경기,고등학생,초졸,상위 20%,기혼,"IT/기술, 패션/뷰티, 재테크, 게임, 여행, 요리","다양성 존중, 가치소비, 성공, 디지털 네이티브, 자유, 가족, 안정, 개인주의, 공정성 중시, 개인 성장",중고등학생군,ENFP,SNS 활발,미지정,"체면 중시, 집단주의적 성향, 가족 중심 문화"
96,가상인물_173087557,8,남성,광주,초등학생,중졸,상위 20%,기혼,"패션/뷰티, 독서, 영화/드라마, 운동, 봉사활동","명예, 성공, 환경 보호, 재물",초등자녀보유군,ESTJ,SNS 활발,미지정,"선후배 관계 중시, 체면 중시, 집단주의적 성향"
97,가상인물_862479494,72,여성,경기,교사,대졸,60-80%,미혼,"재테크, 반려동물, 여행, 게임, IT/기술, 음악","사회적 기여, 가족, 안정 추구, 공동체 의식, 건강, 가족 중시, 전통 존중, 희생",실버군,ISFJ,유튜브/OTT 시청,미지정,가족 중심 문화
98,가상인물_633819369,25,여성,인천,임업,대학원졸,20-40%,기혼,"재테크, 여행, 요리, 영화/드라마, IT/기술, 반려동물","경험 중시, 사회적 가치, 개성 표현, 자유, 안정, 재테크 관심, 워라밸",신혼부부군,INFP,웹툰/웹소설 소비,미지정,"선후배 관계 중시, 가족 중심 문화"
99,가상인물_918877326,56,남성,경기,농업,고졸,상위 20%,기혼,"영화/드라마, 봉사활동, 패션/뷰티, 요리, 운동, 독서","사회적 기여, 합리성, 자유, 명예, 환경 보호, 개성, 가족과 개인의 균형, 문화적 개방성, 자기계발, 개인 성장",액티브시니어족,ESTJ,뉴스 앱/포털 이용,미지정,정 문화
100,가상인물_549748446,5,여성,인천,고등학생,초졸,40-60%,기혼,"반려동물, 게임, 독서","사회적 기여, 건강, 명예",초등자녀보유군,ISFJ,웹툰/웹소설 소비,미지정,정 문화
101,가상인물_609058781,9,남성,경기,중학생,초졸,상위 20%,기혼,"독서, 요리, 재테크, 봉사활동, 여행, 패션/뷰티","환경 보호, 성공",초등자녀보유군,ENFJ,뉴스 앱/포털 이용,미지정,"정 문화, 집단주의적 성향"
102,가상인물_803930635,36,여성,경기,"전문직(의사, 변호사 등)",대졸,40-60%,기혼,"패션/뷰티, IT/기술, 여행","경험 중시, 사회적 가치, 개성 표현, 자유, 명예, 안정, 재테크 관심, 환경 보호, 워라밸, 재물",신혼부부군,ENFJ,웹툰/웹소설 소비,미지정,"정 문화, 체면 중시"
103,가상인물_243816709,62,여성,대전,취업준비생,대졸,20-40%,기혼,"봉사활동, 영화/드라마, 독서, 게임, 여행, 반려동물","사회적 기여, 성공, 안정 추구, 희생, 가족 중시, 전통 존중, 공동체 의식",액티브시니어족,ISFJ,SNS 활발,미지정,선후배 관계 중시
104,가상인물_423280433,73,남성,서울,소상공인,대졸,상위 20%,기혼,"요리, 여행, 재테크","가족, 명예, 안정 추구, 공동체 의식, 가족 중시, 전통 존중, 희생",실버군,ISFJ,유튜브/OTT 시청,미지정,"체면 중시, 정 문화"
105,가상인물_126453355,6,여성,대구,고등학생,초졸,하위 20%,미혼,"요리, 영화/드라마, 재테크","건강, 명예",초등자녀보유군,ISFJ,SNS 활발,미지정,"정 문화, 가족 중심 문화"
106,가상인물_802892873,83,여성,대구,중소기업 대표,초졸,20-40%,미혼,"패션/뷰티, 운동, 독서, 봉사활동, 여행","사회적 기여, 성공, 가족, 안정 추구, 공동체 의식, 가족 중시, 전통 존중, 희생",액티브시니어족,ISFJ,유튜브/OTT 시청,미지정,선후배 관계 중시
107,가상인물_689212411,29,여성,부산,공무원,대학원졸,40-60%,미혼,"패션/뷰티, 음악, 봉사활동, 독서, IT/기술","경험 중시, 사회적 기여, 사회적 가치, 개성 표현, 안정, 재테크 관심, 건강, 환경 보호, 워라밸, 개인 성장",나혼산족,INFJ,SNS 활발,미지정,선후배 관계 중시
108,가상인물_820098130,90,남성,경기,기타 무직,대졸,하위 20%,미혼,"여행, 게임, 독서, 재테크","성공, 가족, 안정 추구, 공동체 의식, 건강, 환경 보호, 가족 중시, 전통 존중, 희생",실버군,ISFJ,유튜브/OTT 시청,미지정,선후배 관계 중시
109,가상인물_417137535,56,여성,경북,영업/마케팅,대학원졸,60-80%,사별,"봉사활동, IT/기술, 운동, 음악, 요리","합리성, 자유, 안정, 건강, 개성, 환경 보호, 가족과 개인의 균형, 문화적 개방성, 자기계발",액티브시니어족,ENFJ,SNS 활발,미지정,"체면 중시, 정 문화, 집단주의적 성향"
110,가상인물_398205027,51,남성,경기,기타 무직,중졸,상위 20%,이혼,"독서, 여행, IT/기술","성공, 합리성, 자유, 명예, 가족, 환경 보호, 개성, 가족과 개인의 균형, 문화적 개방성, 자기계발",액티브시니어족,INTJ,SNS 활발,미지정,"체면 중시, 가족 중심 문화, 집단주의적 성향"
111,가상인물_373476963,50,남성,경기,은퇴자,대졸,40-60%,미혼,"게임, 여행, 반려동물, IT/기술, 운동","사회적 기여, 합리성, 자유, 명예, 환경 보호, 개성, 가족과 개인의 균형, 문화적 개방성, 자기계발",액티브시니어족,INTJ,유튜브/OTT 시청,미지정,"가족 중심 문화, 집단주의적 성향"
112,가상인물_134761346,17,남성,경기,초등학생,중졸,40-60%,기혼,"운동, 봉사활동, 반려동물, 독서, IT/기술","사회적 기여, 다양성 존중, 가치소비, 디지털 네이티브, 개인주의, 건강, 공정성 중시",초등자녀보유군,INFP,뉴스 앱/포털 이용,미지정,선후배 관계 중시
113,가상인물_718426297,5,남성,경북,대학원생,초졸,20-40%,기혼,"재테크, IT/기술, 음악, 여행","성공, 가족, 명예, 안정, 개인 성장",영아자녀보유군,INFP,웹툰/웹소설 소비,미지정,"가족 중심 문화, 정 문화, 선후배 관계 중시"
114,가상인물_789928992,23,남성,서울,"전문직(의사, 변호사 등)",고졸,20-40%,미혼,"운동, 독서, IT/기술, 여행, 영화/드라마, 반려동물","다양성 존중, 가치소비, 성공, 디지털 네이티브, 가족, 명예, 개인주의, 건강, 환경 보호, 공정성 중시",나혼산족,INTP,뉴스 앱/포털 이용,미지정,"집단주의적 성향, 정 문화"
115,가상인물_432902895,35,여성,인천,임업,고졸,하위 20%,이혼,"반려동물, 봉사활동, 영화/드라마, 독서","경험 중시, 성공, 사회적 가치, 개성 표현, 가족, 안정, 재테크 관심, 워라밸, 개인 성장, 재물",나혼산족,ISFJ,SNS 활발,미지정,"정 문화, 선후배 관계 중시, 집단주의적 성향"
116,가상인물_392725934,54,여성,전북,전업주부,대졸,상위 20%,이혼,"재테크, IT/기술, 영화/드라마, 봉사활동, 여행","성공, 합리성, 자유, 개성, 가족과 개인의 균형, 문화적 개방성, 자기계발",액티브시니어족,ENTJ,웹툰/웹소설 소비,미지정,"집단주의적 성향, 선후배 관계 중시, 정 문화"
117,가상인물_931552449,77,남성,울산,어업,고졸,40-60%,기혼,"봉사활동, 요리, 반려동물, 재테크, 게임","안정 추구, 명예, 공동체 의식, 환경 보호, 가족 중시, 전통 존중, 희생, 재물",액티브시니어족,ISFJ,SNS 활발,미지정,정 문화
118,가상인물_253468375,25,남성,서울,어업,고졸,상위 20%,기혼,"게임, 요리, 반려동물, 재테크, IT/기술","경험 중시, 성공, 사회적 가치, 개성 표현, 가족, 재테크 관심, 워라밸",신혼부부군,ESTJ,뉴스 앱/포털 이용,미지정,가족 중심 문화
119,가상인물_499246171,1,남성,강원,대학생,초졸,40-60%,사별,"게임, 음악, 운동, 반려동물, 독서","자유, 가족, 재물",대학생군,INFP,뉴스 앱/포털 이용,미지정,가족 중심 문화
120,가상인물_512907485,36,여성,경남,기술직,고졸,40-60%,기혼,"독서, 게임, 음악, 재테크","경험 중시, 사회적 가치, 개성 표현, 재테크 관심, 환경 보호, 워라밸, 개인 성장",신혼부부군,ISFJ,뉴스 앱/포털 이용,미지정,"집단주의적 성향, 정 문화"
121,가상인물_424609339,63,남성,대구,임업,대학원졸,40-60%,미혼,"영화/드라마, 운동, 패션/뷰티","성공, 안정 추구, 명예, 공동체 의식, 건강, 환경 보호, 가족 중시, 전통 존중, 희생, 재물",액티브시니어족,ISTJ,SNS 활발,미지정,"정 문화, 체면 중시"
122,가상인물_503442851,49,여성,경기,전업주부,대졸,상위 20%,미혼,"음악, 영화/드라마, 여행, 게임, 반려동물, 운동","성공, 합리성, 명예, 건강, 개성, 가족과 개인의 균형, 문화적 개방성, 자기계발, 개인 성장, 재물",나혼산족,INFP,유튜브/OTT 시청,미지정,정 문화
123,가상인물_887691943,53,여성,경기,중소기업 대표,중졸,상위 20%,미혼,"IT/기술, 요리, 봉사활동","사회적 기여, 합리성, 명예, 개성, 환경 보호, 가족과 개인의 균형, 문화적 개방성, 자기계발",나혼산족,ENTJ,SNS 활발,미지정,"정 문화, 집단주의적 성향, 가족 중심 문화"
124,가상인물_626529953,58,여성,경기,공무원,대졸,상위 20%,기혼,"음악, 재테크, 독서","합리성, 건강, 개성, 가족과 개인의 균형, 문화적 개방성, 자기계발, 개인 성장",액티브시니어족,ESFJ,SNS 활발,미지정,"집단주의적 성향, 체면 중시, 선후배 관계 중시"
125,가상인물_641877412,16,여성,인천,초등학생,고졸,60-80%,미혼,"음악, 재테크, 운동, 반려동물, 패션/뷰티, 독서","다양성 존중, 가치소비, 디지털 네이티브, 자유, 개인주의, 환경 보호, 공정성 중시",중고등학생군,INFP,SNS 활발,미지정,"체면 중시, 가족 중심 문화"
126,가상인물_453696686,40,남성,충남,"전문직(의사, 변호사 등)",대졸,상위 20%,기혼,"요리, 영화/드라마, 독서, 음악","경험 중시, 사회적 가치, 개성 표현, 자유, 재테크 관심, 건강, 워라밸",신혼부부군,INFJ,웹툰/웹소설 소비,미지정,"체면 중시, 정 문화"
127,가상인물_912517575,50,여성,경기,"전문직(의사, 변호사 등)",대졸,상위 20%,미혼,"요리, 재테크, 여행, 게임","사회적 기여, 합리성, 안정, 개성, 환경 보호, 가족과 개인의 균형, 문화적 개방성, 자기계발, 개인 성장",나혼산족,INTJ,웹툰/웹소설 소비,미지정,체면 중시
128,가상인물_397677254,53,여성,경기,사무직,대졸,상위 20%,기혼,"게임, 여행, 음악, 재테크, IT/기술","성공, 합리성, 자유, 안정, 개성, 건강, 가족과 개인의 균형, 문화적 개방성, 자기계발",자녀결혼군,ENTJ,뉴스 앱/포털 이용,미지정,"집단주의적 성향, 정 문화, 선후배 관계 중시"
129,가상인물_994767968,44,남성,경남,기술직,대졸,하위 20%,기혼,"음악, 요리, 영화/드라마, 독서, 반려동물","경험 중시, 사회적 기여, 사회적 가치, 개성 표현, 가족, 안정, 재테크 관심, 워라밸, 재물",펫팸족,ISFJ,SNS 활발,미지정,"정 문화, 체면 중시"
130,가상인물_363718615,25,여성,서울,영업/마케팅,고졸,하위 20%,기혼,"독서, 반려동물, 재테크, 영화/드라마","경험 중시, 사회적 가치, 개성 표현, 안정, 재테크 관심, 워라밸, 재물",신혼부부군,ISFJ,웹툰/웹소설 소비,미지정,체면 중시
131,가상인물_704314478,27,여성,대전,사무직,대학원졸,하위 20%,기혼,"봉사활동, 음악, 재테크, 게임, 운동","경험 중시, 사회적 기여, 성공, 사회적 가치, 개성 표현, 가족, 명예, 안정, 재테크 관심, 워라밸",신혼부부군,INFJ,웹툰/웹소설 소비,미지정,정 문화
132,가상인물_433544034,63,남성,경기,"전문직(의사, 변호사 등)",대졸,상위 20%,기혼,"독서, 음악, 재테크, 요리, 게임","사회적 기여, 성공, 안정 추구, 공동체 의식, 환경 보호, 가족 중시, 희생, 전통 존중, 개인 성장, 재물",액티브시니어족,ESTJ,웹툰/웹소설 소비,미지정,체면 중시
133,가상인물_471825638,39,남성,서울,"전문직(의사, 변호사 등)",대졸,상위 20%,미혼,"봉사활동, 운동, 재테크","경험 중시, 사회적 기여, 사회적 가치, 개성 표현, 자유, 명예, 안정, 재테크 관심, 워라밸, 개인 성장",나혼산족,ENTJ,SNS 활발,미지정,체면 중시
134,가상인물_829425219,80,여성,부산,기타 무직,고졸,40-60%,기혼,"여행, 봉사활동, 패션/뷰티, 게임, 영화/드라마","사회적 기여, 성공, 가족, 명예, 안정 추구, 공동체 의식, 건강, 가족 중시, 전통 존중, 희생",실버군,ISFJ,웹툰/웹소설 소비,미지정,집단주의적 성향
135,가상인물_653991139,44,여성,경기,교사,대학원졸,20-40%,기혼,"재테크, 봉사활동, 여행, 패션/뷰티","경험 중시, 사회적 기여, 사회적 가치, 개성 표현, 명예, 재테크 관심, 환경 보호, 워라밸, 개인 성장, 재물",자녀결혼군,ESFJ,SNS 활발,미지정,집단주의적 성향
136,가상인물_329040761,65,여성,서울,취업준비생,대졸,60-80%,기혼,"운동, 반려동물, 독서","사회적 기여, 자유, 가족, 안정 추구, 공동체 의식, 환경 보호, 가족 중시, 전통 존중, 희생",액티브시니어족,ISFJ,웹툰/웹소설 소비,미지정,"정 문화, 선후배 관계 중시, 체면 중시"
137,가상인물_349741246,41,남성,전남,프리랜서,고졸,20-40%,기혼,"음악, 봉사활동, IT/기술","경험 중시, 사회적 가치, 개성 표현, 자유, 가족, 재테크 관심, 워라밸",신혼부부군,ISFJ,뉴스 앱/포털 이용,미지정,"정 문화, 집단주의적 성향, 선후배 관계 중시"
138,가상인물_343800649,61,여성,경기,취업준비생,대학원졸,상위 20%,미혼,"봉사활동, 여행, 게임, 패션/뷰티, 영화/드라마, 독서","사회적 기여, 성공, 자유, 명예, 안정 추구, 공동체 의식, 가족 중시, 전통 존중, 희생",액티브시니어족,INFJ,뉴스 앱/포털 이용,미지정,"가족 중심 문화, 정 문화"
139,가상인물_599128568,4,여성,경기,초등학생,중졸,60-80%,기혼,"영화/드라마, 운동, 독서, 요리, IT/기술","성공, 재물",유아자녀보유군,ISFJ,뉴스 앱/포털 이용,미지정,"선후배 관계 중시, 체면 중시"
140,가상인물_404696848,7,여성,전북,대학원생,초졸,40-60%,기혼,"여행, 재테크, 독서","명예, 성공",초등자녀보유군,ISFJ,웹툰/웹소설 소비,미지정,"체면 중시, 정 문화, 가족 중심 문화"
141,가상인물_105514740,53,여성,제주,중소기업 대표,대졸,상위 20%,기혼,"재테크, IT/기술, 영화/드라마, 반려동물, 패션/뷰티","성공, 합리성, 명예, 개성, 가족과 개인의 균형, 문화적 개방성, 자기계발",액티브시니어족,ENTJ,유튜브/OTT 시청,미지정,"체면 중시, 선후배 관계 중시"
142,가상인물_137712302,5,남성,인천,초등학생,초졸,60-80%,기혼,"반려동물, 여행, 요리, 영화/드라마, IT/기술","자유, 명예, 건강, 환경 보호, 개인 성장",초등자녀보유군,INFP,유튜브/OTT 시청,미지정,선후배 관계 중시
143,가상인물_609594263,28,남성,대구,기술직,고졸,60-80%,기혼,"재테크, 게임, 반려동물, 음악, 봉사활동","경험 중시, 사회적 기여, 사회적 가치, 개성 표현, 명예, 재테크 관심, 건강, 워라밸",신혼부부군,ISFJ,유튜브/OTT 시청,미지정,"가족 중심 문화, 정 문화, 집단주의적 성향"
144,가상인물_441435635,2,여성,경기,고등학생,초졸,20-40%,기혼,"운동, 요리, 여행, 영화/드라마","자유, 건강, 재물",영아자녀보유군,ISFJ,뉴스 앱/포털 이용,미지정,"집단주의적 성향, 정 문화"
145,가상인물_342635568,14,여성,경기,초등학생,중졸,상위 20%,미혼,"IT/기술, 영화/드라마, 음악","사회적 기여, 다양성 존중, 가치소비, 성공, 디지털 네이티브, 가족, 명예, 개인주의, 환경 보호, 공정성 중시",중고등학생군,ENFP,SNS 활발,미지정,"선후배 관계 중시, 정 문화"
146,가상인물_451043446,54,여성,부산,기술직,중졸,20-40%,기혼,"요리, 재테크, 봉사활동, 반려동물","사회적 기여, 합리성, 가족, 건강, 개성, 가족과 개인의 균형, 문화적 개방성, 자기계발, 개인 성장",자녀결혼군,ISFJ,웹툰/웹소설 소비,미지정,집단주의적 성향
147,가상인물_257791967,62,여성,경기,기술직,대졸,20-40%,미혼,"재테크, 여행, 반려동물, 운동, 요리, 봉사활동","성공, 안정 추구, 공동체 의식, 환경 보호, 개인 성장, 가족 중시, 전통 존중, 희생",액티브시니어족,ISFJ,웹툰/웹소설 소비,미지정,가족 중심 문화
148,가상인물_632492417,30,남성,전남,공무원,대학원졸,상위 20%,미혼,"봉사활동, 요리, 패션/뷰티, 여행, 영화/드라마","경험 중시, 성공, 사회적 가치, 개성 표현, 자유, 안정, 재테크 관심, 건강, 워라밸, 재물",나혼산족,ENFJ,웹툰/웹소설 소비,미지정,"집단주의적 성향, 선후배 관계 중시"
149,가상인물_225727799,62,여성,서울,중소기업 대표,고졸,하위 20%,기혼,"패션/뷰티, 독서, 반려동물, 게임, 음악","성공, 자유, 명예, 가족, 안정 추구, 공동체 의식, 가족 중시, 전통 존중, 희생, 재물",액티브시니어족,ISFJ,유튜브/OTT 시청,미지정,"선후배 관계 중시, 정 문화"
150,가상인물_113112648,67,남성,서울,교사,대졸,상위 20%,기혼,"운동, 여행, 독서, 음악, 봉사활동","안정 추구, 안정, 공동체 의식, 건강, 가족 중시, 환경 보호, 전통 존중, 희생, 재물",액티브시니어족,ISFJ,SNS 활발,미지정,"체면 중시, 정 문화"
151,가상인물_788764455,60,여성,경기,은퇴자,고졸,40-60%,이혼,"IT/기술, 여행, 운동, 게임, 봉사활동","사회적 기여, 성공, 자유, 가족, 안정 추구, 공동체 의식, 가족 중시, 전통 존중, 희생, 재물",액티브시니어족,ISFJ,뉴스 앱/포털 이용,미지정,선후배 관계 중시
152,가상인물_680521202,66,남성,경남,어업,중졸,하위 20%,기혼,"독서, 게임, 패션/뷰티, 여행, 요리","성공, 안정 추구, 명예, 안정, 공동체 의식, 희생, 가족 중시, 전통 존중, 개인 성장",실버군,ISFJ,웹툰/웹소설 소비,미지정,정 문화
153,가상인물_666821883,67,남성,세종,취업준비생,고졸,상위 20%,기혼,"독서, 운동, 반려동물","성공, 자유, 가족, 안정 추구, 공동체 의식, 가족 중시, 전통 존중, 희생, 재물",액티브시니어족,ISFJ,유튜브/OTT 시청,미지정,"가족 중심 문화, 집단주의적 성향, 체면 중시"
154,가상인물_968121002,57,여성,대구,기술직,대졸,40-60%,미혼,"게임, 반려동물, 요리, 여행, 패션/뷰티","성공, 합리성, 가족, 개성, 가족과 개인의 균형, 문화적 개방성, 자기계발",나혼산족,INFP,웹툰/웹소설 소비,미지정,"정 문화, 체면 중시"
155,가상인물_486302605,57,남성,인천,영업/마케팅,대학원졸,상위 20%,이혼,"패션/뷰티, 게임, 여행","사회적 기여, 합리성, 자유, 명예, 안정, 개성, 가족과 개인의 균형, 문화적 개방성, 자기계발",액티브시니어족,ENTJ,유튜브/OTT 시청,미지정,"선후배 관계 중시, 체면 중시"
156,가상인물_760504545,49,여성,서울,중소기업 대표,중졸,하위 20%,기혼,"재테크, 반려동물, 영화/드라마, 봉사활동, 운동, 독서","합리성, 자유, 명예, 개성, 환경 보호, 가족과 개인의 균형, 문화적 개방성, 자기계발, 개인 성장",펫팸족,ISFJ,SNS 활발,미지정,"선후배 관계 중시, 집단주의적 성향, 가족 중심 문화"
157,가상인물_215574691,62,여성,서울,기타 무직,고졸,40-60%,미혼,"반려동물, 봉사활동, 운동","사회적 기여, 자유, 안정 추구, 공동체 의식, 가족 중시, 전통 존중, 희생",액티브시니어족,ISFJ,유튜브/OTT 시청,미지정,"정 문화, 체면 중시"
158,가상인물_699010389,75,남성,인천,취업준비생,대졸,상위 20%,미혼,"운동, IT/기술, 독서, 패션/뷰티, 게임, 봉사활동","성공, 가족, 안정 추구, 안정, 공동체 의식, 건강, 가족 중시, 전통 존중, 희생",액티브시니어족,INFJ,웹툰/웹소설 소비,미지정,집단주의적 성향
159,가상인물_642622062,59,여성,인천,중소기업 대표,고졸,하위 20%,기혼,"여행, 봉사활동, 독서, 반려동물","사회적 기여, 합리성, 자유, 개성, 가족과 개인의 균형, 문화적 개방성, 자기계발",액티브시니어족,ISFJ,뉴스 앱/포털 이용,미지정,집단주의적 성향
160,가상인물_348516876,31,여성,경기,기술직,대졸,상위 20%,미혼,"영화/드라마, 음악, 반려동물, 여행","경험 중시, 사회적 가치, 개성 표현, 재테크 관심, 건강, 워라밸, 개인 성장",나혼산족,ENFJ,SNS 활발,미지정,"집단주의적 성향, 가족 중심 문화"
161,가상인물_898671264,66,남성,충북,취업준비생,대졸,상위 20%,기혼,"패션/뷰티, 영화/드라마, 여행, 재테크","사회적 기여, 가족, 안정 추구, 안정, 공동체 의식, 희생, 가족 중시, 전통 존중, 개인 성장",자녀결혼군,ISFJ,뉴스 앱/포털 이용,미지정,"가족 중심 문화, 집단주의적 성향"
162,가상인물_672660631,38,여성,서울,교사,고졸,상위 20%,기혼,"요리, 봉사활동, 여행, 음악, 영화/드라마","경험 중시, 사회적 가치, 개성 표현, 자유, 가족, 재테크 관심, 워라밸",신혼부부군,ESFJ,웹툰/웹소설 소비,미지정,집단주의적 성향
163,가상인물_122927003,34,여성,경기,전업주부,대졸,상위 20%,미혼,"요리, 패션/뷰티, 봉사활동, 재테크","경험 중시, 사회적 기여, 사회적 가치, 개성 표현, 재테크 관심, 워라밸, 재물",나혼산족,ENFJ,SNS 활발,미지정,"체면 중시, 가족 중심 문화, 집단주의적 성향"
164,가상인물_864258002,40,남성,대전,공무원,고졸,40-60%,기혼,"요리, IT/기술, 패션/뷰티","경험 중시, 사회적 가치, 개성 표현, 안정, 재테크 관심, 워라밸, 개인 성장",신혼부부군,ISFJ,SNS 활발,미지정,"가족 중심 문화, 정 문화"
165,가상인물_813785611,33,남성,제주,사무직,대졸,60-80%,기혼,"운동, 반려동물, 재테크, 요리","경험 중시, 사회적 가치, 개성 표현, 자유, 안정, 재테크 관심, 워라밸, 재물",신혼부부군,ISFJ,SNS 활발,미지정,"선후배 관계 중시, 체면 중시, 정 문화"
166,가상인물_675560827,36,여성,부산,교사,고졸,40-60%,기혼,"영화/드라마, 요리, 패션/뷰티, 반려동물","경험 중시, 사회적 기여, 사회적 가치, 개성 표현, 가족, 재테크 관심, 워라밸",신혼부부군,ISFJ,유튜브/OTT 시청,미지정,"체면 중시, 정 문화, 집단주의적 성향"
167,가상인물_539723965,26,여성,서울,육아휴직중,대졸,상위 20%,사별,"영화/드라마, 여행, 운동, 게임, 반려동물","경험 중시, 사회적 가치, 개성 표현, 가족, 안정, 재테크 관심, 건강, 워라밸, 재물",영아자녀보유군,ISFJ,뉴스 앱/포털 이용,미지정,"집단주의적 성향, 체면 중시, 정 문화"
168,가상인물_886191597,44,여성,강원,공무원,대졸,40-60%,미혼,"게임, 영화/드라마, 독서, 재테크, 봉사활동, IT/기술","경험 중시, 사회적 가치, 개성 표현, 가족, 재테크 관심, 건강, 워라밸, 재물",나혼산족,INFJ,SNS 활발,미지정,"집단주의적 성향, 정 문화"
169,가상인물_411011562,14,남성,울산,대학원생,초졸,20-40%,미혼,"패션/뷰티, 봉사활동, 운동, 재테크, 영화/드라마, 요리","다양성 존중, 가치소비, 디지털 네이티브, 가족, 개인주의, 환경 보호, 공정성 중시, 개인 성장, 재물",중고등학생군,INFP,뉴스 앱/포털 이용,미지정,"체면 중시, 선후배 관계 중시, 가족 중심 문화"
170,가상인물_190891868,62,여성,대전,중소기업 대표,고졸,하위 20%,미혼,"운동, IT/기술, 게임, 독서","성공, 안정 추구, 안정, 공동체 의식, 환경 보호, 가족 중시, 희생, 전통 존중, 개인 성장, 재물",액티브시니어족,ISFJ,SNS 활발,미지정,가족 중심 문화
171,가상인물_427250277,49,여성,충남,공무원,대졸,상위 20%,기혼,"운동, 영화/드라마, 재테크, 패션/뷰티, 봉사활동","사회적 기여, 합리성, 명예, 안정, 개성, 가족과 개인의 균형, 문화적 개방성, 자기계발, 개인 성장",액티브시니어족,ESFJ,뉴스 앱/포털 이용,미지정,"선후배 관계 중시, 정 문화, 집단주의적 성향"
172,가상인물_570711756,59,여성,서울,농업,대졸,상위 20%,미혼,"IT/기술, 요리, 운동","사회적 기여, 성공, 합리성, 명예, 안정, 건강, 개성, 가족과 개인의 균형, 문화적 개방성, 자기계발",액티브시니어족,INTJ,유튜브/OTT 시청,미지정,"정 문화, 체면 중시"
173,가상인물_778800230,4,남성,경남,중학생,중졸,40-60%,기혼,"패션/뷰티, 음악, 봉사활동, IT/기술, 게임","가족, 건강",유아자녀보유군,INFP,웹툰/웹소설 소비,미지정,가족 중심 문화
174,가상인물_859409447,39,남성,강원,영업/마케팅,대졸,60-80%,기혼,"요리, 재테크, 반려동물, 게임, 여행","경험 중시, 사회적 가치, 개성 표현, 자유, 명예, 재테크 관심, 건강, 워라밸, 개인 성장, 재물",신혼부부군,ESTJ,뉴스 앱/포털 이용,미지정,"가족 중심 문화, 집단주의적 성향"
175,가상인물_778931476,13,남성,광주,초등학생,중졸,40-60%,기혼,"패션/뷰티, 운동, 여행, 반려동물, 요리, IT/기술","사회적 기여, 다양성 존중, 가치소비, 디지털 네이티브, 자유, 가족, 안정, 개인주의, 공정성 중시, 재물",초등자녀보유군,INFP,웹툰/웹소설 소비,미지정,"집단주의적 성향, 가족 중심 문화, 체면 중시"
176,가상인물_788936684,49,남성,부산,공무원,대졸,상위 20%,기혼,"패션/뷰티, 여행, IT/기술, 재테크, 운동","합리성, 자유, 안정, 개성, 환경 보호, 가족과 개인의 균형, 문화적 개방성, 자기계발",자녀결혼군,ESTJ,뉴스 앱/포털 이용,미지정,"집단주의적 성향, 가족 중심 문화, 체면 중시"
177,가상인물_746226836,68,남성,경북,은퇴자,대졸,20-40%,기혼,"여행, 운동, 음악","성공, 자유, 명예, 안정 추구, 공동체 의식, 건강, 가족 중시, 전통 존중, 희생",액티브시니어족,ESTJ,SNS 활발,미지정,체면 중시
178,가상인물_518177414,16,남성,경기,중학생,고졸,상위 20%,미혼,"IT/기술, 봉사활동, 재테크, 패션/뷰티, 독서, 영화/드라마","다양성 존중, 가치소비, 디지털 네이티브, 가족, 명예, 안정, 개인주의, 공정성 중시",중고등학생군,INFP,유튜브/OTT 시청,미지정,"집단주의적 성향, 가족 중심 문화, 정 문화"
179,가상인물_749801260,69,여성,부산,농업,대졸,20-40%,기혼,"봉사활동, 음악, 반려동물, 여행","사회적 기여, 성공, 가족, 안정 추구, 안정, 공동체 의식, 희생, 가족 중시, 전통 존중, 개인 성장",액티브시니어족,ISFJ,웹툰/웹소설 소비,미지정,"선후배 관계 중시, 가족 중심 문화"
180,가상인물_290970208,44,남성,경기,육아휴직중,고졸,60-80%,미혼,"게임, 영화/드라마, 패션/뷰티, IT/기술, 운동, 요리","경험 중시, 성공, 사회적 가치, 개성 표현, 가족, 재테크 관심, 워라밸, 개인 성장",영아자녀보유군,INFP,SNS 활발,미지정,"체면 중시, 가족 중심 문화, 집단주의적 성향"
181,가상인물_689393993,11,남성,경기,대학생,초졸,40-60%,미혼,"요리, 음악, 영화/드라마, 반려동물, IT/기술, 봉사활동","다양성 존중, 가치소비, 성공, 디지털 네이티브, 개인주의, 건강, 공정성 중시, 개인 성장, 재물",중고등학생군,INFP,SNS 활발,미지정,체면 중시
182,가상인물_169640736,54,남성,울산,취업준비생,대졸,40-60%,미혼,"IT/기술, 영화/드라마, 음악","합리성, 명예, 개성, 환경 보호, 가족과 개인의 균형, 문화적 개방성, 자기계발, 개인 성장",나혼산족,INTJ,웹툰/웹소설 소비,미지정,"집단주의적 성향, 체면 중시, 선후배 관계 중시"
183,가상인물_511581080,10,남성,경남,중학생,중졸,하위 20%,기혼,"영화/드라마, 여행, 재테크, 독서, 게임, 음악","다양성 존중, 가치소비, 디지털 네이티브, 명예, 개인주의, 건강, 환경 보호, 공정성 중시",중고등학생군,INFP,SNS 활발,미지정,선후배 관계 중시
184,가상인물_214425056,15,남성,강원,고등학생,중졸,하위 20%,미혼,"여행, 운동, 게임, 요리, IT/기술","다양성 존중, 가치소비, 디지털 네이티브, 자유, 가족, 안정, 개인주의, 공정성 중시, 재물",중고등학생군,INFP,유튜브/OTT 시청,미지정,"집단주의적 성향, 선후배 관계 중시, 체면 중시"
185,가상인물_349770279,47,남성,전남,"전문직(의사, 변호사 등)",대졸,20-40%,기혼,"음악, 재테크, 봉사활동","성공, 합리성, 자유, 개성, 가족과 개인의 균형, 문화적 개방성, 자기계발",자녀결혼군,ESTJ,뉴스 앱/포털 이용,미지정,가족 중심 문화
186,가상인물_164308493,19,남성,인천,고등학생,대졸,하위 20%,기혼,"음악, 요리, IT/기술, 재테크, 반려동물","사회적 기여, 다양성 존중, 가치소비, 디지털 네이티브, 자유, 안정, 개인주의, 건강, 환경 보호, 공정성 중시",신혼부부군,INFP,유튜브/OTT 시청,미지정,"집단주의적 성향, 정 문화"
187,가상인물_439670913,30,남성,경남,공무원,대졸,상위 20%,기혼,"재테크, 반려동물, 패션/뷰티, 여행","경험 중시, 성공, 사회적 가치, 개성 표현, 명예, 재테크 관심, 워라밸, 개인 성장, 재물",신혼부부군,ESTJ,웹툰/웹소설 소비,미지정,체면 중시
188,가상인물_453918570,55,남성,충북,영업/마케팅,대졸,상위 20%,미혼,"봉사활동, 운동, 영화/드라마, 반려동물","사회적 기여, 합리성, 안정, 개성, 가족과 개인의 균형, 문화적 개방성, 자기계발, 개인 성장",액티브시니어족,ENTJ,유튜브/OTT 시청,미지정,"선후배 관계 중시, 체면 중시, 정 문화"
189,가상인물_443482760,46,남성,울산,프리랜서,고졸,40-60%,미혼,"IT/기술, 운동, 패션/뷰티, 요리, 게임","사회적 기여, 성공, 합리성, 가족, 안정, 개성, 가족과 개인의 균형, 문화적 개방성, 자기계발",나혼산족,INTP,유튜브/OTT 시청,미지정,선후배 관계 중시
190,가상인물_567434599,18,남성,서울,초등학생,고졸,20-40%,기혼,"게임, 요리, 반려동물, 독서","사회적 기여, 다양성 존중, 가치소비, 디지털 네이티브, 개인주의, 건강, 공정성 중시, 재물",초등자녀보유군,ISTJ,유튜브/OTT 시청,미지정,"체면 중시, 선후배 관계 중시, 집단주의적 성향"
191,가상인물_988031364,16,여성,경기,중학생,중졸,40-60%,미혼,"요리, 음악, IT/기술, 영화/드라마, 패션/뷰티, 재테크","사회적 기여, 다양성 존중, 가치소비, 디지털 네이티브, 개인주의, 공정성 중시, 재물",중고등학생군,INFP,뉴스 앱/포털 이용,미지정,"가족 중심 문화, 정 문화"
192,가상인물_704913623,32,남성,충남,"전문직(의사, 변호사 등)",고졸,20-40%,미혼,"봉사활동, IT/기술, 패션/뷰티, 요리, 재테크","경험 중시, 사회적 기여, 사회적 가치, 개성 표현, 명예, 재테크 관심, 건강, 워라밸",나혼산족,INFP,뉴스 앱/포털 이용,미지정,"정 문화, 선후배 관계 중시, 집단주의적 성향"
193,가상인물_279983770,70,여성,경기,프리랜서,고졸,40-60%,사별,"독서, 봉사활동, 반려동물, 게임, 운동, 재테크","가족, 안정 추구, 공동체 의식, 환경 보호, 가족 중시, 개인 성장, 전통 존중, 희생",액티브시니어족,ISFJ,웹툰/웹소설 소비,미지정,"정 문화, 집단주의적 성향, 가족 중심 문화"
194,가상인물_621579038,34,여성,서울,기술직,고졸,하위 20%,기혼,"게임, 패션/뷰티, 봉사활동, 음악, 여행, IT/기술","경험 중시, 사회적 가치, 개성 표현, 자유, 가족, 안정, 재테크 관심, 워라밸, 재물",신혼부부군,ISFJ,유튜브/OTT 시청,미지정,"가족 중심 문화, 정 문화"
195,가상인물_340020147,59,남성,인천,농업,고졸,상위 20%,기혼,"반려동물, 독서, IT/기술, 운동, 패션/뷰티, 봉사활동","합리성, 명예, 안정, 건강, 개성, 가족과 개인의 균형, 문화적 개방성, 자기계발, 재물",액티브시니어족,ESTJ,SNS 활발,미지정,정 문화
196,가상인물_527601849,68,남성,서울,임업,고졸,상위 20%,미혼,"요리, 음악, 영화/드라마, 독서, 반려동물, 게임","사회적 기여, 성공, 가족, 명예, 안정 추구, 공동체 의식, 희생, 가족 중시, 전통 존중, 개인 성장",액티브시니어족,ISTJ,웹툰/웹소설 소비,미지정,"선후배 관계 중시, 정 문화"
197,가상인물_828506761,32,여성,서울,전업주부,초졸,60-80%,미혼,"운동, 패션/뷰티, 반려동물","경험 중시, 사회적 기여, 성공, 사회적 가치, 개성 표현, 가족, 재테크 관심, 워라밸",나혼산족,ISFP,유튜브/OTT 시청,미지정,"집단주의적 성향, 정 문화"
198,가상인물_980107574,49,남성,제주,전업주부,고졸,20-40%,기혼,"봉사활동, 패션/뷰티, 여행, 반려동물","사회적 기여, 성공, 합리성, 개성, 환경 보호, 가족과 개인의 균형, 문화적 개방성, 자기계발",펫팸족,ISFJ,SNS 활발,미지정,"집단주의적 성향, 체면 중시, 가족 중심 문화"
199,가상인물_669631008,18,남성,서울,대학생,고졸,40-60%,이혼,"영화/드라마, 독서, 반려동물","사회적 기여, 다양성 존중, 가치소비, 성공, 디지털 네이티브, 자유, 명예, 개인주의, 공정성 중시",대학생군,INFP,SNS 활발,미지정,"체면 중시, 가족 중심 문화, 집단주의적 성향"
200,가상인물_504088191,73,남성,경기,"전문직(의사, 변호사 등)",중졸,40-60%,기혼,"패션/뷰티, 요리, 운동","성공, 자유, 가족, 안정 추구, 공동체 의식, 희생, 가족 중시, 전통 존중, 개인 성장, 재물",액티브시니어족,ISFJ,유튜브/OTT 시청,미지정,"가족 중심 문화, 집단주의적 성향, 정 문화"
201,가상인물_548835636,69,여성,경남,프리랜서,대학원졸,상위 20%,기혼,"영화/드라마, 반려동물, 봉사활동, IT/기술","가족, 명예, 안정 추구, 공동체 의식, 건강, 환경 보호, 가족 중시, 전통 존중, 희생",액티브시니어족,ISFJ,뉴스 앱/포털 이용,미지정,"체면 중시, 정 문화"
202,가상인물_771416592,26,여성,대전,프리랜서,대졸,40-60%,미혼,"운동, 봉사활동, 패션/뷰티","경험 중시, 사회적 기여, 성공, 사회적 가치, 개성 표현, 명예, 재테크 관심, 워라밸",나혼산족,ENFJ,뉴스 앱/포털 이용,미지정,"집단주의적 성향, 가족 중심 문화"
203,가상인물_264823871,39,여성,부산,프리랜서,대졸,20-40%,기혼,"IT/기술, 독서, 반려동물, 봉사활동","경험 중시, 사회적 가치, 개성 표현, 가족, 재테크 관심, 워라밸, 개인 성장",신혼부부군,INFJ,뉴스 앱/포털 이용,미지정,집단주의적 성향
204,가상인물_823061417,36,남성,서울,영업/마케팅,대졸,하위 20%,미혼,"IT/기술, 요리, 운동","경험 중시, 사회적 가치, 개성 표현, 자유, 가족, 명예, 재테크 관심, 건강, 환경 보호, 워라밸",나혼산족,INFP,SNS 활발,미지정,가족 중심 문화
205,가상인물_568286929,44,남성,서울,농업,중졸,상위 20%,기혼,"요리, 여행, 봉사활동, 운동, IT/기술","경험 중시, 사회적 기여, 사회적 가치, 개성 표현, 명예, 안정, 재테크 관심, 환경 보호, 워라밸",액티브시니어족,ESTJ,SNS 활발,미지정,"정 문화, 집단주의적 성향, 선후배 관계 중시"
206,가상인물_985232610,55,여성,경기,영업/마케팅,대졸,20-40%,기혼,"독서, 운동, 요리, 게임","사회적 기여, 합리성, 가족, 명예, 환경 보호, 개성, 가족과 개인의 균형, 문화적 개방성, 자기계발, 재물",액티브시니어족,ENFJ,SNS 활발,미지정,집단주의적 성향
207,가상인물_856664789,97,여성,경기,중소기업 대표,대학원졸,40-60%,기혼,"봉사활동, 운동, 게임","가족, 명예, 안정, 안정 추구, 공동체 의식, 가족 중시, 전통 존중, 희생",액티브시니어족,ISFJ,유튜브/OTT 시청,미지정,집단주의적 성향
208,가상인물_690155126,57,남성,경기,소상공인,대졸,20-40%,기혼,"요리, 영화/드라마, 재테크","성공, 합리성, 개성, 가족과 개인의 균형, 문화적 개방성, 자기계발, 개인 성장",자녀결혼군,ESTJ,SNS 활발,미지정,체면 중시
209,가상인물_902509889,89,여성,경북,취업준비생,고졸,하위 20%,기혼,"재테크, 독서, 요리, 반려동물","사회적 기여, 가족, 안정 추구, 안정, 공동체 의식, 건강, 가족 중시, 전통 존중, 희생",실버군,ISFJ,SNS 활발,미지정,가족 중심 문화
210,가상인물_407462561,40,여성,서울,공무원,고졸,상위 20%,기혼,"요리, 게임, 반려동물, IT/기술","경험 중시, 사회적 가치, 개성 표현, 자유, 안정, 재테크 관심, 건강, 워라밸",펫팸족,ESFJ,유튜브/OTT 시청,미지정,"정 문화, 가족 중심 문화"
211,가상인물_411185854,45,남성,서울,교사,대졸,60-80%,미혼,"영화/드라마, 독서, 요리, 음악","성공, 합리성, 안정, 개성, 가족과 개인의 균형, 문화적 개방성, 자기계발, 개인 성장, 재물",나혼산족,INTJ,유튜브/OTT 시청,미지정,"정 문화, 선후배 관계 중시, 체면 중시"
212,가상인물_139133713,7,여성,경북,고등학생,초졸,40-60%,미혼,"게임, IT/기술, 운동, 패션/뷰티, 음악, 요리","자유, 개인 성장, 재물",중고등학생군,INFP,뉴스 앱/포털 이용,미지정,"체면 중시, 가족 중심 문화"
213,가상인물_150037165,77,여성,경기,프리랜서,중졸,40-60%,기혼,"게임, 운동, 영화/드라마, 재테크","사회적 기여, 안정 추구, 안정, 희생, 가족 중시, 전통 존중, 공동체 의식",액티브시니어족,ISFJ,유튜브/OTT 시청,미지정,"가족 중심 문화, 체면 중시, 선후배 관계 중시"
214,가상인물_933807028,20,남성,경기,기술직,고졸,상위 20%,기혼,"운동, 여행, 패션/뷰티, 게임","다양성 존중, 가치소비, 성공, 디지털 네이티브, 개인주의, 공정성 중시, 개인 성장",신혼부부군,ESTJ,뉴스 앱/포털 이용,미지정,"선후배 관계 중시, 체면 중시"
215,가상인물_151645670,48,남성,부산,공무원,대졸,하위 20%,기혼,"운동, 재테크, 요리, 영화/드라마, 패션/뷰티, 여행","사회적 기여, 합리성, 자유, 안정, 개성, 가족과 개인의 균형, 문화적 개방성, 자기계발, 개인 성장",자녀결혼군,ISFJ,유튜브/OTT 시청,미지정,"집단주의적 성향, 가족 중심 문화"
216,가상인물_523928215,0,남성,전남,대학원생,초졸,20-40%,기혼,"음악, 게임, 재테크","사회적 기여, 가족",신혼부부군,INFP,SNS 활발,미지정,정 문화
217,가상인물_416105296,28,남성,경기,은퇴자,고졸,60-80%,기혼,"요리, 운동, 독서, 영화/드라마","경험 중시, 성공, 사회적 가치, 개성 표현, 자유, 재테크 관심, 워라밸",액티브시니어족,ESTJ,유튜브/OTT 시청,미지정,"가족 중심 문화, 정 문화, 체면 중시"
218,가상인물_450687650,24,남성,대전,기술직,대졸,20-40%,미혼,"음악, 영화/드라마, 게임, 요리, 봉사활동, 독서","다양성 존중, 가치소비, 디지털 네이티브, 가족, 개인주의, 공정성 중시, 재물",사회초년생군,INFP,SNS 활발,미지정,집단주의적 성향
219,가상인물_516328493,41,여성,서울,기타 무직,고졸,20-40%,기혼,"영화/드라마, 여행, 요리, 반려동물","경험 중시, 성공, 사회적 가치, 개성 표현, 가족, 명예, 재테크 관심, 건강, 환경 보호, 워라밸",신혼부부군,ISFJ,뉴스 앱/포털 이용,미지정,체면 중시
220,가상인물_245217999,22,남성,부산,농업,고졸,60-80%,미혼,"독서, 봉사활동, 여행, 패션/뷰티, 음악","다양성 존중, 가치소비, 디지털 네이티브, 가족, 명예, 개인주의, 환경 보호, 공정성 중시",나혼산족,INFP,웹툰/웹소설 소비,미지정,"정 문화, 체면 중시, 가족 중심 문화"
221,가상인물_477040893,40,여성,경기,육아휴직중,대졸,60-80%,미혼,"반려동물, 운동, 여행, 재테크","경험 중시, 사회적 가치, 개성 표현, 재테크 관심, 건강, 워라밸, 개인 성장, 재물",영아자녀보유군,INFP,유튜브/OTT 시청,미지정,"정 문화, 선후배 관계 중시"
222,가상인물_158521265,53,여성,부산,영업/마케팅,고졸,60-80%,기혼,"음악, 패션/뷰티, IT/기술, 독서, 반려동물, 봉사활동","합리성, 가족, 개성, 가족과 개인의 균형, 문화적 개방성, 자기계발, 재물",자녀결혼군,ESFJ,뉴스 앱/포털 이용,미지정,정 문화
223,가상인물_221212568,26,여성,부산,사무직,대졸,상위 20%,미혼,"재테크, 패션/뷰티, 영화/드라마","경험 중시, 사회적 기여, 사회적 가치, 개성 표현, 명예, 재테크 관심, 워라밸",사회초년생군,ENFJ,유튜브/OTT 시청,미지정,"선후배 관계 중시, 가족 중심 문화, 집단주의적 성향"
224,가상인물_555873918,52,남성,경기,사무직,대졸,하위 20%,기혼,"봉사활동, 독서, 여행, 반려동물","성공, 합리성, 자유, 명예, 개성, 가족과 개인의 균형, 문화적 개방성, 자기계발",자녀결혼군,ISFJ,유튜브/OTT 시청,미지정,정 문화
225,가상인물_207683063,69,여성,대구,취업준비생,고졸,40-60%,미혼,"음악, 요리, 봉사활동, 여행, 반려동물, 패션/뷰티","성공, 자유, 안정 추구, 공동체 의식, 개인 성장, 가족 중시, 전통 존중, 희생",액티브시니어족,ISFJ,유튜브/OTT 시청,미지정,"선후배 관계 중시, 체면 중시, 가족 중심 문화"
226,가상인물_763805269,68,여성,서울,중소기업 대표,대졸,60-80%,기혼,"IT/기술, 독서, 음악","자유, 명예, 안정, 안정 추구, 공동체 의식, 희생, 가족 중시, 전통 존중, 개인 성장, 재물",액티브시니어족,ISFJ,뉴스 앱/포털 이용,미지정,"정 문화, 선후배 관계 중시, 집단주의적 성향"
227,가상인물_250946421,56,여성,충남,프리랜서,대졸,20-40%,기혼,"영화/드라마, 요리, 여행","사회적 기여, 성공, 합리성, 자유, 건강, 개성, 가족과 개인의 균형, 문화적 개방성, 자기계발, 재물",자녀결혼군,ESFJ,뉴스 앱/포털 이용,미지정,"체면 중시, 집단주의적 성향, 선후배 관계 중시"
228,가상인물_553522028,69,남성,제주,기타 무직,고졸,상위 20%,미혼,"음악, IT/기술, 독서, 패션/뷰티, 봉사활동, 영화/드라마","성공, 가족, 안정 추구, 공동체 의식, 환경 보호, 가족 중시, 희생, 전통 존중, 개인 성장",액티브시니어족,INFJ,SNS 활발,미지정,"체면 중시, 정 문화, 가족 중심 문화"
229,가상인물_112051915,41,여성,서울,공무원,대졸,상위 20%,기혼,"요리, 영화/드라마, 반려동물, 음악, 독서, 재테크","경험 중시, 사회적 가치, 개성 표현, 가족, 명예, 재테크 관심, 건강, 워라밸, 개인 성장",펫팸족,ISFJ,뉴스 앱/포털 이용,미지정,"선후배 관계 중시, 가족 중심 문화"
230,가상인물_285861376,6,여성,전남,중학생,초졸,하위 20%,이혼,"패션/뷰티, 독서, 요리, 반려동물, 봉사활동","사회적 기여, 건강",초등자녀보유군,ISFJ,유튜브/OTT 시청,미지정,"가족 중심 문화, 집단주의적 성향"
231,가상인물_356480761,59,남성,경기,농업,대졸,60-80%,미혼,"봉사활동, 운동, 음악","합리성, 자유, 명예, 환경 보호, 개성, 가족과 개인의 균형, 문화적 개방성, 자기계발, 개인 성장",액티브시니어족,INFJ,뉴스 앱/포털 이용,미지정,"집단주의적 성향, 체면 중시"
232,가상인물_979452618,45,남성,충북,영업/마케팅,고졸,40-60%,미혼,"IT/기술, 패션/뷰티, 봉사활동, 음악","합리성, 환경 보호, 개성, 가족과 개인의 균형, 문화적 개방성, 자기계발, 개인 성장",나혼산족,INFP,유튜브/OTT 시청,미지정,"정 문화, 집단주의적 성향"
233,가상인물_355852921,47,여성,대구,취업준비생,대졸,20-40%,기혼,"음악, 봉사활동, IT/기술, 반려동물","성공, 합리성, 명예, 개성, 가족과 개인의 균형, 문화적 개방성, 자기계발, 재물",신혼부부군,ISFJ,SNS 활발,미지정,"집단주의적 성향, 가족 중심 문화, 선후배 관계 중시"
234,가상인물_620257242,65,여성,인천,교사,대졸,하위 20%,미혼,"운동, 재테크, 영화/드라마, 패션/뷰티, 독서, 요리","사회적 기여, 안정 추구, 희생, 가족 중시, 전통 존중, 공동체 의식, 재물",액티브시니어족,ISFJ,유튜브/OTT 시청,미지정,"선후배 관계 중시, 집단주의적 성향"
235,가상인물_381454913,45,남성,대구,프리랜서,대졸,20-40%,미혼,"독서, 요리, 패션/뷰티, 게임, 운동, 재테크","사회적 기여, 합리성, 명예, 개성, 환경 보호, 가족과 개인의 균형, 문화적 개방성, 자기계발",나혼산족,INFP,웹툰/웹소설 소비,미지정,"집단주의적 성향, 정 문화"
236,가상인물_473896507,61,남성,인천,중소기업 대표,대졸,20-40%,미혼,"반려동물, 여행, 봉사활동, 재테크, 요리","자유, 안정 추구, 안정, 공동체 의식, 희생, 가족 중시, 전통 존중, 개인 성장, 재물",액티브시니어족,ISTJ,뉴스 앱/포털 이용,미지정,"가족 중심 문화, 체면 중시"
237,가상인물_218570130,33,여성,제주,기술직,대졸,40-60%,미혼,"여행, 반려동물, 패션/뷰티, 봉사활동","경험 중시, 성공, 사회적 가치, 개성 표현, 재테크 관심, 건강, 워라밸, 개인 성장, 재물",나혼산족,ENFP,SNS 활발,미지정,체면 중시
238,가상인물_161384636,75,여성,경기,프리랜서,고졸,상위 20%,기혼,"요리, 패션/뷰티, 영화/드라마","사회적 기여, 자유, 가족, 안정, 안정 추구, 공동체 의식, 가족 중시, 전통 존중, 희생, 재물",실버군,ISFJ,유튜브/OTT 시청,미지정,"가족 중심 문화, 정 문화"
239,가상인물_991301752,28,남성,경남,교사,고졸,20-40%,기혼,"영화/드라마, 반려동물, 음악, IT/기술, 게임, 봉사활동","경험 중시, 성공, 사회적 가치, 개성 표현, 자유, 재테크 관심, 워라밸",신혼부부군,ENFP,SNS 활발,미지정,"체면 중시, 정 문화"
240,가상인물_921771164,61,여성,서울,공무원,대졸,40-60%,기혼,"패션/뷰티, 운동, 독서, 영화/드라마, 봉사활동","자유, 가족, 안정 추구, 공동체 의식, 가족 중시, 전통 존중, 희생, 재물",액티브시니어족,ISFJ,SNS 활발,미지정,가족 중심 문화
241,가상인물_876754566,47,여성,경기,사무직,대학원졸,20-40%,기혼,"반려동물, IT/기술, 여행, 영화/드라마, 재테크","합리성, 환경 보호, 개성, 가족과 개인의 균형, 문화적 개방성, 자기계발, 개인 성장",펫팸족,INFJ,뉴스 앱/포털 이용,미지정,"정 문화, 집단주의적 성향"
242,가상인물_909156496,80,남성,경기,영업/마케팅,대졸,하위 20%,미혼,"반려동물, 독서, 음악, 패션/뷰티, 게임, 여행","사회적 기여, 자유, 안정 추구, 공동체 의식, 건강, 가족 중시, 전통 존중, 희생",실버군,ISFJ,SNS 활발,미지정,"집단주의적 성향, 가족 중심 문화, 정 문화"
243,가상인물_908953843,65,남성,충북,소상공인,초졸,하위 20%,기혼,"반려동물, 요리, 운동","성공, 자유, 안정 추구, 안정, 공동체 의식, 가족 중시, 전통 존중, 희생",실버군,ISFJ,뉴스 앱/포털 이용,미지정,정 문화
244,가상인물_250223989,13,여성,충남,중학생,초졸,상위 20%,이혼,"운동, 음악, 반려동물, 봉사활동, 독서","다양성 존중, 가치소비, 성공, 디지털 네이티브, 가족, 개인주의, 공정성 중시",중고등학생군,INFP,뉴스 앱/포털 이용,미지정,가족 중심 문화
245,가상인물_165880740,22,여성,경기,취업준비생,고졸,20-40%,기혼,"봉사활동, 게임, 영화/드라마","다양성 존중, 가치소비, 디지털 네이티브, 안정, 개인주의, 건강, 환경 보호, 공정성 중시, 개인 성장",신혼부부군,ISFJ,유튜브/OTT 시청,미지정,"정 문화, 가족 중심 문화"
246,가상인물_732813704,83,여성,경북,영업/마케팅,대졸,하위 20%,기혼,"봉사활동, 패션/뷰티, 운동, 여행","사회적 기여, 안정 추구, 공동체 의식, 가족 중시, 개인 성장, 전통 존중, 희생",액티브시니어족,ISFJ,뉴스 앱/포털 이용,미지정,"정 문화, 집단주의적 성향, 선후배 관계 중시"
247,가상인물_728583481,57,남성,경기,"전문직(의사, 변호사 등)",초졸,하위 20%,미혼,"패션/뷰티, 게임, 반려동물, IT/기술, 운동","사회적 기여, 합리성, 건강, 개성, 가족과 개인의 균형, 문화적 개방성, 자기계발",나혼산족,INFP,유튜브/OTT 시청,미지정,"정 문화, 가족 중심 문화, 집단주의적 성향"
248,가상인물_192693161,63,남성,경기,공무원,대졸,하위 20%,사별,"요리, 게임, 운동, 봉사활동, IT/기술","사회적 기여, 안정 추구, 공동체 의식, 환경 보호, 가족 중시, 전통 존중, 희생",실버군,ISFJ,뉴스 앱/포털 이용,미지정,"선후배 관계 중시, 체면 중시, 집단주의적 성향"
249,가상인물_583703192,30,여성,서울,교사,초졸,하위 20%,기혼,"IT/기술, 요리, 운동, 패션/뷰티","경험 중시, 사회적 가치, 개성 표현, 가족, 재테크 관심, 건강, 워라밸",신혼부부군,ISFJ,SNS 활발,미지정,집단주의적 성향
250,가상인물_830720182,17,남성,광주,고등학생,고졸,20-40%,기혼,"영화/드라마, 재테크, 패션/뷰티, IT/기술","다양성 존중, 가치소비, 디지털 네이티브, 가족, 개인주의, 공정성 중시, 개인 성장, 재물",신혼부부군,INFP,유튜브/OTT 시청,미지정,"집단주의적 성향, 정 문화, 선후배 관계 중시"
251,가상인물_682725228,9,남성,경남,대학생,초졸,하위 20%,기혼,"여행, 독서, 음악, 패션/뷰티, 영화/드라마, 재테크","자유, 명예, 안정, 건강, 환경 보호",초등자녀보유군,ISFJ,SNS 활발,미지정,"가족 중심 문화, 체면 중시"
252,가상인물_492457064,53,여성,광주,소상공인,대졸,20-40%,기혼,"여행, IT/기술, 운동, 요리, 반려동물, 봉사활동","사회적 기여, 성공, 합리성, 자유, 개성, 환경 보호, 가족과 개인의 균형, 문화적 개방성, 자기계발",액티브시니어족,ESFJ,뉴스 앱/포털 이용,미지정,"정 문화, 선후배 관계 중시, 체면 중시"
253,가상인물_156279630,51,여성,충남,사무직,초졸,상위 20%,미혼,"독서, 요리, IT/기술, 운동, 봉사활동","합리성, 건강, 환경 보호, 개성, 가족과 개인의 균형, 문화적 개방성, 자기계발",나혼산족,INTJ,뉴스 앱/포털 이용,미지정,정 문화
254,가상인물_481807874,45,남성,서울,교사,대학원졸,40-60%,기혼,"영화/드라마, 요리, 반려동물, 봉사활동, 운동, 음악","사회적 기여, 성공, 합리성, 개성, 건강, 가족과 개인의 균형, 문화적 개방성, 자기계발",중고등자녀보유군,ISFJ,유튜브/OTT 시청,미지정,"체면 중시, 집단주의적 성향, 정 문화"
255,가상인물_426748733,77,여성,서울,공무원,대졸,20-40%,사별,"여행, 패션/뷰티, 봉사활동, 영화/드라마, 운동, 요리","성공, 안정 추구, 공동체 의식, 환경 보호, 가족 중시, 전통 존중, 희생, 재물",액티브시니어족,ESFJ,SNS 활발,미지정,체면 중시
256,가상인물_332895880,5,여성,경기,고등학생,중졸,20-40%,기혼,"독서, 영화/드라마, 음악, 운동","사회적 기여, 가족",초등자녀보유군,ISFJ,뉴스 앱/포털 이용,미지정,정 문화
257,가상인물_728177259,46,남성,대전,영업/마케팅,대졸,상위 20%,기혼,"음악, 게임, 패션/뷰티, IT/기술, 여행","합리성, 명예, 환경 보호, 개성, 가족과 개인의 균형, 문화적 개방성, 자기계발, 재물",자녀결혼군,ENTJ,SNS 활발,미지정,"가족 중심 문화, 체면 중시"
258,가상인물_787865795,26,남성,경북,임업,고졸,60-80%,미혼,"운동, 요리, 패션/뷰티, 게임, 독서","경험 중시, 사회적 가치, 개성 표현, 가족, 명예, 안정, 재테크 관심, 건강, 워라밸, 개인 성장",사회초년생군,INFP,유튜브/OTT 시청,미지정,가족 중심 문화
259,가상인물_203173769,36,남성,경기,은퇴자,대졸,하위 20%,기혼,"영화/드라마, 재테크, 운동","경험 중시, 사회적 기여, 사회적 가치, 개성 표현, 자유, 안정, 재테크 관심, 환경 보호, 워라밸, 재물",액티브시니어족,ISFJ,SNS 활발,미지정,"체면 중시, 집단주의적 성향, 선후배 관계 중시"
260,가상인물_783376926,26,여성,대전,공무원,대졸,하위 20%,기혼,"봉사활동, 요리, 음악","경험 중시, 사회적 기여, 사회적 가치, 개성 표현, 명예, 재테크 관심, 환경 보호, 워라밸",신혼부부군,ISFJ,유튜브/OTT 시청,미지정,"정 문화, 가족 중심 문화, 체면 중시"
261,가상인물_168339729,36,여성,경기,취업준비생,고졸,60-80%,기혼,"봉사활동, 게임, 음악, 여행, 반려동물, 패션/뷰티","경험 중시, 성공, 사회적 가치, 개성 표현, 자유, 가족, 안정, 재테크 관심, 워라밸",신혼부부군,ISFJ,웹툰/웹소설 소비,미지정,"선후배 관계 중시, 정 문화, 집단주의적 성향"
262,가상인물_774591460,5,남성,서울,고등학생,초졸,상위 20%,미혼,"재테크, 봉사활동, 요리, 운동, 패션/뷰티, 여행","성공, 가족, 명예, 건강, 개인 성장",중고등학생군,INFP,뉴스 앱/포털 이용,미지정,"가족 중심 문화, 집단주의적 성향, 정 문화"
263,가상인물_250017635,53,여성,서울,공무원,대학원졸,60-80%,기혼,"반려동물, 운동, 패션/뷰티, 음악, 요리, 여행","합리성, 자유, 명예, 가족, 개성, 가족과 개인의 균형, 문화적 개방성, 자기계발, 개인 성장, 재물",펫팸족,ISFJ,뉴스 앱/포털 이용,미지정,"집단주의적 성향, 체면 중시"
264,가상인물_466204650,65,여성,경기,기타 무직,고졸,60-80%,이혼,"요리, 봉사활동, 여행","안정 추구, 안정, 희생, 가족 중시, 전통 존중, 공동체 의식, 재물",액티브시니어족,ISFJ,웹툰/웹소설 소비,미지정,"집단주의적 성향, 정 문화, 선후배 관계 중시"
265,가상인물_468101341,69,남성,부산,중소기업 대표,대학원졸,하위 20%,미혼,"영화/드라마, 게임, 요리, 독서, 여행, 봉사활동","가족, 명예, 안정, 안정 추구, 공동체 의식, 건강, 환경 보호, 가족 중시, 전통 존중, 희생",액티브시니어족,ISFJ,뉴스 앱/포털 이용,미지정,"체면 중시, 가족 중심 문화"
266,가상인물_993038944,27,여성,경기,"전문직(의사, 변호사 등)",중졸,60-80%,기혼,"요리, 음악, 영화/드라마, 반려동물, 재테크, 운동","경험 중시, 사회적 가치, 개성 표현, 안정, 재테크 관심, 건강, 워라밸, 개인 성장",신혼부부군,INFJ,뉴스 앱/포털 이용,미지정,"집단주의적 성향, 선후배 관계 중시"
267,가상인물_885631677,65,남성,경기,기타 무직,대졸,40-60%,기혼,"반려동물, 운동, 음악, 패션/뷰티, 독서, 여행","가족, 안정 추구, 안정, 공동체 의식, 희생, 가족 중시, 전통 존중, 개인 성장, 재물",액티브시니어족,ISFJ,웹툰/웹소설 소비,미지정,가족 중심 문화
268,가상인물_956291048,41,남성,강원,사무직,대졸,40-60%,기혼,"반려동물, 요리, 영화/드라마, 재테크, 독서, 게임","경험 중시, 사회적 가치, 개성 표현, 재테크 관심, 워라밸, 개인 성장, 재물",펫팸족,ISFJ,뉴스 앱/포털 이용,미지정,"정 문화, 가족 중심 문화, 체면 중시"
269,가상인물_206177688,55,여성,서울,영업/마케팅,대학원졸,하위 20%,기혼,"IT/기술, 음악, 게임","성공, 합리성, 자유, 명예, 가족, 개성, 가족과 개인의 균형, 문화적 개방성, 자기계발, 재물",자녀결혼군,INFJ,뉴스 앱/포털 이용,미지정,가족 중심 문화
270,가상인물_563756592,100,남성,제주,소상공인,대졸,상위 20%,기혼,"재테크, 봉사활동, 반려동물, 운동, 음악, IT/기술","성공, 안정 추구, 명예, 공동체 의식, 희생, 가족 중시, 전통 존중, 개인 성장, 재물",액티브시니어족,ESTJ,유튜브/OTT 시청,미지정,"정 문화, 선후배 관계 중시"
271,가상인물_474549025,47,여성,서울,교사,대학원졸,하위 20%,기혼,"요리, 운동, 음악, 반려동물, 영화/드라마, 독서","성공, 합리성, 가족, 안정, 개성, 가족과 개인의 균형, 문화적 개방성, 자기계발",중고등자녀보유군,ISFJ,SNS 활발,미지정,"선후배 관계 중시, 가족 중심 문화, 체면 중시"
272,가상인물_102423416,20,여성,경남,프리랜서,고졸,하위 20%,이혼,"재테크, IT/기술, 독서, 요리","다양성 존중, 가치소비, 성공, 디지털 네이티브, 자유, 가족, 안정, 개인주의, 공정성 중시, 개인 성장",나혼산족,INFP,웹툰/웹소설 소비,미지정,"선후배 관계 중시, 집단주의적 성향, 가족 중심 문화"
273,가상인물_294368091,50,남성,경기,교사,대학원졸,상위 20%,기혼,"운동, 게임, 독서, 요리, 재테크","합리성, 가족, 개성, 가족과 개인의 균형, 문화적 개방성, 자기계발, 재물",액티브시니어족,INTJ,웹툰/웹소설 소비,미지정,"집단주의적 성향, 선후배 관계 중시"
274,가상인물_548367158,15,여성,경북,고등학생,고졸,하위 20%,미혼,"반려동물, 여행, 패션/뷰티, 독서, IT/기술, 요리","다양성 존중, 가치소비, 디지털 네이티브, 가족, 개인주의, 환경 보호, 공정성 중시",중고등학생군,INFP,뉴스 앱/포털 이용,미지정,"체면 중시, 정 문화, 선후배 관계 중시"
275,가상인물_248440230,23,남성,인천,기타 무직,대학원졸,60-80%,미혼,"운동, 여행, 독서","다양성 존중, 가치소비, 디지털 네이티브, 명예, 개인주의, 환경 보호, 공정성 중시",나혼산족,INFP,웹툰/웹소설 소비,미지정,정 문화
276,가상인물_363433841,71,남성,경기,소상공인,초졸,20-40%,기혼,"영화/드라마, IT/기술, 여행, 패션/뷰티, 반려동물, 운동","성공, 가족, 안정 추구, 공동체 의식, 건강, 환경 보호, 가족 중시, 희생, 전통 존중, 개인 성장",액티브시니어족,ISFJ,웹툰/웹소설 소비,미지정,정 문화
277,가상인물_361945169,13,여성,충북,고등학생,중졸,40-60%,미혼,"봉사활동, 영화/드라마, 요리, 게임, 독서, 여행","다양성 존중, 가치소비, 디지털 네이티브, 안정, 개인주의, 환경 보호, 공정성 중시",중고등학생군,INFP,유튜브/OTT 시청,미지정,"선후배 관계 중시, 가족 중심 문화"
278,가상인물_430410578,48,여성,전남,공무원,고졸,60-80%,기혼,"IT/기술, 여행, 반려동물","합리성, 가족, 안정, 개성, 건강, 가족과 개인의 균형, 문화적 개방성, 자기계발",자녀결혼군,ISFJ,유튜브/OTT 시청,미지정,정 문화
279,가상인물_676116405,18,여성,인천,중학생,고졸,상위 20%,이혼,"영화/드라마, 재테크, 운동, 여행, 독서","다양성 존중, 가치소비, 디지털 네이티브, 자유, 개인주의, 공정성 중시, 개인 성장, 재물",중고등학생군,ENFP,웹툰/웹소설 소비,미지정,"집단주의적 성향, 체면 중시"
280,가상인물_832565729,61,여성,경남,"전문직(의사, 변호사 등)",대학원졸,20-40%,미혼,"게임, 영화/드라마, 운동","안정 추구, 안정, 공동체 의식, 환경 보호, 개인 성장, 가족 중시, 전통 존중, 희생",액티브시니어족,INFJ,웹툰/웹소설 소비,미지정,정 문화
281,가상인물_927493103,72,여성,경기,은퇴자,고졸,60-80%,미혼,"음악, 운동, 봉사활동, 영화/드라마, IT/기술","자유, 명예, 안정 추구, 공동체 의식, 환경 보호, 가족 중시, 전통 존중, 희생",액티브시니어족,ISFJ,유튜브/OTT 시청,미지정,"선후배 관계 중시, 집단주의적 성향, 정 문화"
282,가상인물_896092847,49,여성,경기,은퇴자,고졸,40-60%,사별,"반려동물, 독서, 재테크, 영화/드라마, IT/기술, 요리","합리성, 가족, 안정, 개성, 가족과 개인의 균형, 문화적 개방성, 자기계발",실버군,ISFJ,유튜브/OTT 시청,미지정,"체면 중시, 선후배 관계 중시"
283,가상인물_627563064,68,여성,경기,중소기업 대표,대졸,20-40%,미혼,"요리, 음악, 여행, 패션/뷰티","성공, 안정 추구, 공동체 의식, 환경 보호, 가족 중시, 전통 존중, 희생, 재물",액티브시니어족,ISFJ,뉴스 앱/포털 이용,미지정,가족 중심 문화
284,가상인물_609024844,66,여성,서울,은퇴자,고졸,상위 20%,미혼,"영화/드라마, 게임, 요리","자유, 명예, 안정 추구, 공동체 의식, 가족 중시, 전통 존중, 희생",실버군,ISFJ,뉴스 앱/포털 이용,미지정,선후배 관계 중시
285,가상인물_659365774,66,여성,경기,소상공인,대졸,하위 20%,기혼,"봉사활동, 독서, 운동, 재테크","성공, 안정 추구, 안정, 공동체 의식, 가족 중시, 전통 존중, 희생, 재물",액티브시니어족,ISFJ,SNS 활발,미지정,가족 중심 문화
286,가상인물_924430556,20,여성,서울,육아휴직중,고졸,하위 20%,미혼,"패션/뷰티, 운동, IT/기술, 봉사활동","사회적 기여, 다양성 존중, 가치소비, 디지털 네이티브, 개인주의, 공정성 중시, 재물",영아자녀보유군,ISFJ,뉴스 앱/포털 이용,미지정,"정 문화, 집단주의적 성향"
287,가상인물_839840023,77,여성,서울,어업,고졸,하위 20%,기혼,"음악, 여행, 패션/뷰티","사회적 기여, 안정 추구, 공동체 의식, 가족 중시, 개인 성장, 전통 존중, 희생",실버군,ISFJ,뉴스 앱/포털 이용,미지정,"가족 중심 문화, 선후배 관계 중시"
288,가상인물_811321515,59,남성,경기,소상공인,고졸,하위 20%,사별,"봉사활동, 영화/드라마, 재테크, 운동, IT/기술, 요리","성공, 합리성, 개성, 가족과 개인의 균형, 문화적 개방성, 자기계발, 재물",액티브시니어족,ISTJ,유튜브/OTT 시청,미지정,가족 중심 문화
289,가상인물_246585277,40,여성,서울,공무원,고졸,40-60%,기혼,"재테크, 요리, 여행, 게임","경험 중시, 성공, 사회적 가치, 개성 표현, 안정, 재테크 관심, 워라밸",신혼부부군,ISFJ,유튜브/OTT 시청,미지정,집단주의적 성향
290,가상인물_857334846,42,여성,전북,영업/마케팅,대졸,60-80%,미혼,"운동, 영화/드라마, 봉사활동, 반려동물, 재테크","경험 중시, 사회적 기여, 사회적 가치, 개성 표현, 재테크 관심, 건강, 워라밸, 개인 성장, 재물",나혼산족,INFP,유튜브/OTT 시청,미지정,가족 중심 문화
291,가상인물_187324072,88,남성,인천,"전문직(의사, 변호사 등)",대졸,상위 20%,기혼,"영화/드라마, 독서, 음악, 게임","성공, 자유, 안정 추구, 공동체 의식, 건강, 가족 중시, 희생, 전통 존중, 개인 성장",실버군,ESTJ,SNS 활발,미지정,집단주의적 성향
292,가상인물_386028372,49,여성,서울,프리랜서,대졸,40-60%,미혼,"음악, IT/기술, 독서, 봉사활동, 재테크","합리성, 명예, 안정, 개성, 환경 보호, 가족과 개인의 균형, 문화적 개방성, 자기계발, 재물",나혼산족,INFJ,뉴스 앱/포털 이용,미지정,"정 문화, 집단주의적 성향"
293,가상인물_346855467,23,남성,충남,기타 무직,대졸,20-40%,미혼,"요리, 봉사활동, 반려동물, IT/기술, 재테크","사회적 기여, 다양성 존중, 가치소비, 성공, 디지털 네이티브, 가족, 안정, 개인주의, 환경 보호, 공정성 중시",나혼산족,INFP,유튜브/OTT 시청,미지정,가족 중심 문화
294,가상인물_930567648,38,여성,대구,"전문직(의사, 변호사 등)",고졸,20-40%,이혼,"운동, 봉사활동, 여행","경험 중시, 사회적 가치, 개성 표현, 안정, 재테크 관심, 건강, 워라밸, 개인 성장",나혼산족,INFJ,SNS 활발,미지정,"가족 중심 문화, 선후배 관계 중시, 정 문화"
295,가상인물_819460875,1,여성,부산,대학원생,초졸,20-40%,기혼,"운동, 패션/뷰티, 게임, 요리","안정, 환경 보호, 성공",영아자녀보유군,ISFJ,뉴스 앱/포털 이용,미지정,"정 문화, 선후배 관계 중시, 집단주의적 성향"
296,가상인물_876976918,94,남성,서울,영업/마케팅,대졸,40-60%,미혼,"음악, 재테크, 반려동물, 패션/뷰티","성공, 안정 추구, 희생, 가족 중시, 전통 존중, 공동체 의식, 재물",실버군,ISFJ,웹툰/웹소설 소비,미지정,집단주의적 성향
297,가상인물_684288549,26,여성,충북,전업주부,대졸,상위 20%,기혼,"재테크, 운동, 게임, IT/기술, 여행","경험 중시, 사회적 가치, 개성 표현, 자유, 가족, 재테크 관심, 워라밸",신혼부부군,ENFJ,유튜브/OTT 시청,미지정,선후배 관계 중시
298,가상인물_722948121,56,남성,충남,기타 무직,초졸,60-80%,미혼,"요리, IT/기술, 영화/드라마, 운동, 음악","합리성, 가족, 건강, 개성, 가족과 개인의 균형, 문화적 개방성, 자기계발, 재물",나혼산족,ISFJ,뉴스 앱/포털 이용,미지정,"선후배 관계 중시, 집단주의적 성향, 체면 중시"
299,가상인물_574796903,94,남성,부산,은퇴자,초졸,상위 20%,기혼,"영화/드라마, 요리, 재테크","안정 추구, 공동체 의식, 건강, 환경 보호, 개인 성장, 가족 중시, 전통 존중, 희생",실버군,ISFJ,뉴스 앱/포털 이용,미지정,"정 문화, 가족 중심 문화"
300,가상인물_807603861,89,남성,경남,기타 무직,대학원졸,40-60%,미혼,"재테크, 독서, 패션/뷰티, 여행, 운동, 음악","사회적 기여, 성공, 자유, 안정 추구, 공동체 의식, 가족 중시, 전통 존중, 희생",액티브시니어족,INFJ,뉴스 앱/포털 이용,미지정,"선후배 관계 중시, 집단주의적 성향"
301,가상인물_532996354,65,여성,서울,중소기업 대표,대학원졸,하위 20%,미혼,"반려동물, 재테크, 패션/뷰티, 게임","전통 존중, 가족 중시, 안정 추구, 개인 성장, 안정, 재물, 희생, 공동체 의식",액티브시니어족,ISFJ,뉴스 앱/포털 이용,미지정,"집단주의적 성향, 체면 중시"
